[{"model": "contenttypes.contenttype", "pk": 1, "fields": {"app_label": "admin", "model": "logentry"}}, {"model": "contenttypes.contenttype", "pk": 2, "fields": {"app_label": "auth", "model": "permission"}}, {"model": "contenttypes.contenttype", "pk": 3, "fields": {"app_label": "auth", "model": "group"}}, {"model": "contenttypes.contenttype", "pk": 4, "fields": {"app_label": "auth", "model": "user"}}, {"model": "contenttypes.contenttype", "pk": 5, "fields": {"app_label": "contenttypes", "model": "contenttype"}}, {"model": "contenttypes.contenttype", "pk": 6, "fields": {"app_label": "sessions", "model": "session"}}, {"model": "contenttypes.contenttype", "pk": 7, "fields": {"app_label": "visual", "model": "type"}}, {"model": "contenttypes.contenttype", "pk": 8, "fields": {"app_label": "visual", "model": "visual"}}, {"model": "contenttypes.contenttype", "pk": 9, "fields": {"app_label": "visual", "model": "review"}}, {"model": "sessions.session", "pk": "8qzostn3ba31qgxcq7yqkebt17ferxra", "fields": {"session_data": "NWVlNDBmMjM1ZDNlNDBmNDllNzMyZTlmNGQzODY4ZDFmMTM5NTgyZjp7Il9hdXRoX3VzZXJfaGFzaCI6IjI5MWUyODk3M2U5ZTM0YzU3MzBjYjhhMzAwYzFmOWM2YmI0ZjBjMmUiLCJfYXV0aF91c2VyX2JhY2tlbmQiOiJkamFuZ28uY29udHJpYi5hdXRoLmJhY2tlbmRzLk1vZGVsQmFja2VuZCIsIl9hdXRoX3VzZXJfaWQiOiIxIn0=", "expire_date": "2016-06-27T14:38:38.038Z"}}, {"model": "sessions.session", "pk": "9su0n50y9zw7q7ii3i9j8uqkp01c3s3f", "fields": {"session_data": "NWVlNDBmMjM1ZDNlNDBmNDllNzMyZTlmNGQzODY4ZDFmMTM5NTgyZjp7Il9hdXRoX3VzZXJfaGFzaCI6IjI5MWUyODk3M2U5ZTM0YzU3MzBjYjhhMzAwYzFmOWM2YmI0ZjBjMmUiLCJfYXV0aF91c2VyX2JhY2tlbmQiOiJkamFuZ28uY29udHJpYi5hdXRoLmJhY2tlbmRzLk1vZGVsQmFja2VuZCIsIl9hdXRoX3VzZXJfaWQiOiIxIn0=", "expire_date": "2016-06-23T20:49:03.109Z"}}, {"model": "sessions.session", "pk": "e00wsq9tos59i3r4tcluy7mwa1vasm5h", "fields": {"session_data": "NWVlNDBmMjM1ZDNlNDBmNDllNzMyZTlmNGQzODY4ZDFmMTM5NTgyZjp7Il9hdXRoX3VzZXJfaGFzaCI6IjI5MWUyODk3M2U5ZTM0YzU3MzBjYjhhMzAwYzFmOWM2YmI0ZjBjMmUiLCJfYXV0aF91c2VyX2JhY2tlbmQiOiJkamFuZ28uY29udHJpYi5hdXRoLmJhY2tlbmRzLk1vZGVsQmFja2VuZCIsIl9hdXRoX3VzZXJfaWQiOiIxIn0=", "expire_date": "2016-06-27T02:53:12.066Z"}}, {"model": "sessions.session", "pk": "m9ha89qnggv696n3akk5mvhoqhklf00a", "fields": {"session_data": "NWVlNDBmMjM1ZDNlNDBmNDllNzMyZTlmNGQzODY4ZDFmMTM5NTgyZjp7Il9hdXRoX3VzZXJfaGFzaCI6IjI5MWUyODk3M2U5ZTM0YzU3MzBjYjhhMzAwYzFmOWM2YmI0ZjBjMmUiLCJfYXV0aF91c2VyX2JhY2tlbmQiOiJkamFuZ28uY29udHJpYi5hdXRoLmJhY2tlbmRzLk1vZGVsQmFja2VuZCIsIl9hdXRoX3VzZXJfaWQiOiIxIn0=", "expire_date": "2016-06-23T20:27:26.337Z"}}, {"model": "sessions.session", "pk": "w9r5ak9xnovg946lgrgog48l9rsgeo4b", "fields": {"session_data": "NWVlNDBmMjM1ZDNlNDBmNDllNzMyZTlmNGQzODY4ZDFmMTM5NTgyZjp7Il9hdXRoX3VzZXJfaGFzaCI6IjI5MWUyODk3M2U5ZTM0YzU3MzBjYjhhMzAwYzFmOWM2YmI0ZjBjMmUiLCJfYXV0aF91c2VyX2JhY2tlbmQiOiJkamFuZ28uY29udHJpYi5hdXRoLmJhY2tlbmRzLk1vZGVsQmFja2VuZCIsIl9hdXRoX3VzZXJfaWQiOiIxIn0=", "expire_date": "2016-07-15T15:00:08.894Z"}}, {"model": "visual.type", "pk": 1, "fields": {"name": "\u7535\u5f71-Movie"}}, {"model": "visual.type", "pk": 2, "fields": {"name": "\u52a8\u753b-Animation"}}, {"model": "visual.type", "pk": 3, "fields": {"name": "\u7535\u89c6-Drama"}}, {"model": "visual.visual", "pk": 1, "fields": {"title": "\u7845\u8c37 \u7b2c\u4e09\u5b63", "watched": true, "douban_id": "26366492", "imdb_id": "", "date_watched": "2016-06-08T02:55:36.706Z", "original_title": "Silicon Valley", "year": 2016, "rating": 9.4, "images": "https://img3.doubanio.com/view/movie_poster_cover/lpst/public/p2326045385.jpg", "summary": "HBO\u7eed\u8ba2\u300a\u7845\u8c37\u300b\u4e09\u5b63\u3002", "visual_type": [3]}}, {"model": "visual.visual", "pk": 2, "fields": {"title": "\u6392\u7403\u5c11\u5e74 \u7b2c\u4e8c\u5b63", "watched": true, "douban_id": "26285156", "imdb_id": "", "date_watched": "2016-06-08T02:55:38.715Z", "original_title": "\u30cf\u30a4\u30ad\u30e5\u30fc!! 2\u671f", "year": 2015, "rating": 9.5, "images": "https://img3.doubanio.com/view/movie_poster_cover/lpst/public/p2272736634.jpg", "summary": "\u6392\u7403\u5c11\u5e74\u7b2c\u4e8c\u5b63\u5267\u60c5\u4ecb\u7ecd\uff1a\u5168\u96c6\u52a8\u753b\u662f\u6392\u7403\u5c11\u5e74\u7684\u7eed\u96c6\u4f5c\u54c1\uff0c\u6392\u7403\u5c11\u5e74\u7b2c\u4e8c\u5b63\u5168\u96c6\u52a8\u753b\u8bb2\u8ff0\u7684\u662f\u5c0f\u65f6\u5019\uff0c\u65e5\u5411\u7fd4\u9633\u4ece\u7535\u89c6\u4e0a\u770b\u89c1\u6392\u7403\u6bd4\u8d5b\uff0c\u4e4c\u91ce\u9ad8\u4e2d\u7684\u4e00\u540d\u5c0f\u4e2a\u5b50\u5728\u7403\u4e0a\u7684\u82f1\u59ff\uff0c\u7b80\u76f4\u5c31\u662f\u4e2a\u201c\u5c0f\u5de8\u4eba\u201d\uff0c\u5bf9\u6b64\u975e\u5e38\u6df1\u523b\uff0c\u5e76\u5f00\u59cb\u8ff7\u4e0a\u6392\u7403\uff0c\u4e00\u76f4\u60f3\u6210\u4e3a\u201c\u5c0f\u5de8\u4eba\u201d\u4e00\u6837\u7684\u4eba\u3002\u521d\u4e2d\u65f6\u6392\u7403\u90e8\u4e0d\u591f\u4eba\u6570\uff0c\u53ea\u597d\u9ed8\u9ed8\u7b49\u5f85\uff0c\u540e\u6765\u5728\u7ec8\u4e8e\u6709\u65b0\u6210\u5458\u540e\uff0c\u53c2\u4e0e\u4e86\u7b2c\u4e00\u6b21\u4e5f\u662f\u6700\u540e\u4e00\u8d5b\u7684\u6bd4\u8d5b\uff0c\u4e0d\u5e78\u5bf9\u51b3\u4e86\u6700\u5f3a\u961f\u4f0d\uff0c\u7ed3\u679c\u5f53\u7136\u843d\u8d25\u3002\u5355\u51ed\u81ea\u5df1\u7684\u8bdd\uff0c\u662f\u7edd\u5bf9\u65e0\u529e\u6cd5\u770b\u89c1\u90a3\u666f\u8272\u7684\uff0c\u4e0d\u662f\u81ea\u5df1\u4e00\u4eba\u7684\u8bdd\uff0c\u6216\u8bb8\u5c31\u80fd\u770b\u89c1\u4e86\u2026\u4e3a\u4e86\u80fd\u591f\u6253\u51fa\u201c\u80dc\u5229\u201d\u7684\u6bd4\u8d5b\uff0c\u7fd4\u9633\u52aa\u529b\u8003\u5165\u4e4c\u91ce\u9ad8\u4e2d\uff0c\u5b9e\u73b0\u6210\u4e3a\u201c\u5c0f\u5de8\u4eba\u201d\u7684\u6392\u7403\u68a6\u60f3\uff01", "visual_type": [2, 3]}}, {"model": "visual.visual", "pk": 3, "fields": {"title": "\u7edd\u547d\u6bd2\u5e08  \u7b2c\u4e94\u5b63", "watched": true, "douban_id": "6952149", "imdb_id": "", "date_watched": "2016-06-08T02:55:40.696Z", "original_title": "Breaking Bad", "year": 2012, "rating": 9.5, "images": "https://img3.doubanio.com/view/movie_poster_cover/lpst/public/p1579021082.jpg", "summary": "\u6545\u4e8b\u7d27\u63a5\u7740\u4e0a\u4e00\u5b63\uff0c\u901a\u8fc7\u4e00\u573a\u7cbe\u5fc3\u7b56\u5212\u7684\u5927\u7206\u70b8\uff0c\u6c83\u5c14\u7279\uff08\u5e03\u83b1\u6069\u00b7\u79d1\u5170\u65af\u987f Bryan Cranston \u9970\uff09\u7ec8\u4e8e\u9664\u6389\u4e86\u957f\u4e45\u4ee5\u6765\u7684\u5a01\u80c1\u53e4\u65af\u5854\u6c83\uff08\u5409\u5b89\u5361\u6d1b\u00b7\u57c3\u65af\u73c0\u897f\u591a Giancarlo Esposito \u9970\uff09\uff0c\u4e5f\u5c06\u53e4\u65af\u5854\u6c83\u4e00\u624b\u5efa\u7acb\u7684\u6bd2\u54c1\u5e1d\u56fd\u8fde\u6839\u62d4\u8d77\u3002\u7136\u800c\uff0c\u201c\u4e8b\u4e1a\u201d\u4e0a\u7684\u6210\u529f\u5e76\u6ca1\u6709\u4e3a\u6c83\u5c14\u7279\u5e26\u6765\u592a\u591a\u7684\u5feb\u4e50\uff0c\u56e0\u4e3a\u4ed6\u548c\u59bb\u5b50\u65af\u51ef\u52d2\uff08\u5b89\u5a1c\u00b7\u53e4\u6069 Anna Gunn \u9970\uff09\u4e4b\u95f4\u7684\u5173\u7cfb\u518d\u6b21\u8dcc\u843d\u5230\u4e86\u51b0\u70b9\u3002\r\n\u53e4\u65af\u5854\u6c83\u6b7b\u4e86\uff0c\u4f46\u6c83\u5c14\u7279\u7684\u91ce\u5fc3\u5e76\u6ca1\u6709\u6d88\u5931\uff0c\u4ed6\u8054\u624b\u6770\u897f\uff08\u4e9a\u4f26\u00b7\u4fdd\u5c14 Aaron Paul \u9970\uff09\u4e0e\u9ea6\u514b\uff08\u4e54\u7eb3\u68ee\u00b7\u73ed\u514b\u65af Jonathan Banks \u9970\uff09\uff0c\u5f00\u59cb\u5efa\u7acb\u5c5e\u4e8e\u4ed6\u7684\u65b0\u7684\u5e1d\u56fd\u3002\u4e00\u6b21\u5076\u7136\u4e2d\uff0c\u6c49\u514b\uff08\u8fea\u6069\u00b7\u8bfa\u91cc\u65af Dean Norris \u9970\uff09\u5728\u6c83\u5c14\u7279\u5bb6\u4e2d\u53d1\u73b0\u4e86\u6c83\u5c14\u7279\u5c31\u662f\u6d77\u68ee\u5821\u7684\u786e\u51ff\u8bc1\u636e\uff0c\u5de8\u5927\u7684\u6253\u51fb\u4e4b\u4e0b\uff0c\u4ed6\u51b3\u5fc3\u5927\u4e49\u706d\u4eb2\uff0c\u6614\u65e5\u7684\u8fde\u895f\uff0c\u5982\u4eca\u6ca6\u4e3a\u5bf9\u624b\u3002\u4e0e\u6b64\u540c\u65f6\uff0c\u4e00\u80a1\u65b0\u7684\u52bf\u529b\u6b63\u5728\u6bd2\u54c1\u5708\u5185\u9010\u6e10\u58ee\u5927\uff0c\u4ed6\u4eec\u5373\u5c06\u6210\u4e3a\u6c49\u514b\u6700\u5f3a\u5927\u7684\u654c\u4eba\u3002\u00a9\u8c46\u74e3", "visual_type": [3]}}, {"model": "visual.visual", "pk": 4, "fields": {"title": "\u4e00\u62f3\u8d85\u4eba", "watched": true, "douban_id": "26339248", "imdb_id": "", "date_watched": "2016-06-08T02:55:42.822Z", "original_title": "\u30ef\u30f3\u30d1\u30f3\u30de\u30f3", "year": 2015, "rating": 9.3, "images": "https://img3.doubanio.com/view/movie_poster_cover/lpst/public/p2234184583.jpg", "summary": "\u4e3b\u4eba\u516c\u57fc\u7389\u539f\u672c\u662f\u4e00\u540d\u6574\u65e5\u5954\u6ce2\u4e8e\u6c42\u804c\u7684\u666e\u901a\u4eba\u30023\u5e74\u524d\u7684\u4e00\u5929\u5076\u7136\u9047\u5230\u4e86\u8981\u5bf9\u6dd8\u6c14\u5c11\u5e74\u4e0b\u6740\u624b\u7684\u5f02\u53d8\u8783\u87f9\u4eba\u540e\uff0c\u56de\u5fc6\u8d77\u5e74\u5c11\u5e74\u65f6\u201c\u60f3\u8981\u6210\u4e3a\u82f1\u96c4\u201d\u7684\u68a6\u60f3\uff0c\u6700\u7ec8\u62fc\u5c3d\u5168\u529b\u6551\u4e0b\u4e86\u6dd8\u6c14\u5c11\u5e74\u3002\u91cd\u62fe\u5bf9\u4e8e\u6210\u4e3a\u82f1\u96c4\u7684\u5174\u8da3\u4e4b\u540e\uff0c\u901a\u8fc7\u62fc\u547d\u953b\u70bc\uff0c\u57fc\u7389\u7ec8\u4e8e\u8131\u80ce\u6362\u9aa8\u83b7\u5f97\u4e86\u6700\u5f3a\u7684\u529b\u91cf\uff0c\u4f46\u540c\u65f6\u5931\u53bb\u4e86\u5934\u53d1\u53d8\u6210\u4e86\u5149\u5934\uff0c \u4f3c\u4e4e\u8fd8\u5931\u53bb\u4e86\u67d0\u4e9b\u611f\u60c5\u2026\u2026\r\n\u5728\u72ec\u81ea\u505a\u4e86\u4e00\u6bb5\u65f6\u95f4\u82f1\u96c4\u540e\uff0c\u4e0e\u5f1f\u5b50\u6770\u8bfa\u65af\u4e00\u8d77\uff0c\u6b63\u5f0f\u52a0\u5165\u82f1\u96c4\u534f\u4f1a\uff0c\u4e0e\u4f17\u591a\u82f1\u96c4\u4e00\u8d77\u5f00\u59cb\u4e86\u5bf9\u6297\u5404\u79cd\u602a\u4eba\u4ee5\u53ca\u707e\u96be\u7684\u751f\u6d3b\u2026\u2026\u4e0d\u8fc7\u7ecf\u5e38\u662f\u5728\u65e0\u4eba\u77e5\u6653\u7684\u60c5\u51b5\u4e0b\u505a\u82f1\u96c4\u7684\u5de5\u4f5c\u2026\u2026", "visual_type": [2, 3]}}, {"model": "visual.visual", "pk": 5, "fields": {"title": "\u75af\u72c2\u52a8\u7269\u57ce", "watched": true, "douban_id": "25662329", "imdb_id": "", "date_watched": "2016-06-08T02:55:44.995Z", "original_title": "Zootopia", "year": 2016, "rating": 9.2, "images": "https://img1.doubanio.com/view/movie_poster_cover/lpst/public/p2315672647.jpg", "summary": "\u6545\u4e8b\u53d1\u751f\u5728\u4e00\u4e2a\u6240\u6709\u54fa\u4e73\u7c7b\u52a8\u7269\u548c\u8c10\u5171\u5b58\u7684\u7f8e\u597d\u4e16\u754c\u4e2d\uff0c\u5154\u5b50\u6731\u8fea\uff08\u91d1\u59ae\u5f17\u00b7\u53e4\u5fb7\u6e29 Ginnifer Goodwin \u914d\u97f3\uff09\u4ece\u5c0f\u5c31\u68a6\u60f3\u7740\u80fd\u591f\u6210\u4e3a\u4e00\u540d\u60e9\u6076\u626c\u5584\u7684\u5211\u8b66\uff0c\u51ed\u501f\u7740\u667a\u6167\u548c\u52aa\u529b\uff0c\u6731\u8fea\u6210\u529f\u7684\u4ece\u8b66\u6821\u4e2d\u6bd5\u4e1a\u8fdb\u5165\u4e86\u75af\u72c2\u52a8\u7269\u57ce\u8b66\u5bdf\u5c40\uff0c\u6b8a\u4e0d\u77e5\u8fd9\u91cc\u662f\u5927\u578b\u8089\u98df\u7c7b\u52a8\u7269\u7684\u9886\u5730\uff0c\u4f5c\u4e3a\u7b2c\u4e00\u53ea\uff0c\u4e5f\u662f\u552f\u4e00\u7684\u5c0f\u578b\u98df\u8349\u7c7b\u52a8\u7269\uff0c\u6731\u8fea\u4f1a\u9047\u5230\u600e\u6837\u7684\u6545\u4e8b\u5462\uff1f\r\n\u8fd1\u65e5\u91cc\uff0c\u57ce\u4e2d\u63a5\u8fde\u53d1\u751f\u52a8\u7269\u5931\u8e2a\u6848\u4ef6\uff0c\u5c31\u5728\u5168\u90e8\u8b66\u5458\u90fd\u81f4\u529b\u4e8e\u8c03\u67e5\u6848\u4ef6\u771f\u76f8\u4e4b\u65f6\uff0c\u6731\u8fea\u5374\u88ab\u5c40\u957f\uff08\u4f0a\u5fb7\u745e\u65af\u00b7\u827e\u5c14\u5df4 Idris Elba \u914d\u97f3\uff09\u53d1\u914d\u6210\u4e3a\u4e86\u4e00\u540d\u65e0\u8db3\u8f7b\u91cd\u7684\u4ea4\u8b66\u3002\u67d0\u65e5\uff0c\u6b63\u5728\u6267\u52e4\u7684\u5154\u5b50\u9047\u89c1\u4e86\u540d\u4e3a\u5c3c\u514b\uff08\u6770\u68ee\u00b7\u8d1d\u7279\u66fc Jason Bateman \u914d\u97f3\uff09\u7684\u72d0\u72f8\uff0c\u4e24\u4eba\u4e0d\u6253\u4e0d\u76f8\u8bc6\uff0c\u4e4b\u540e\u53c8\u8bef\u6253\u8bef\u649e\u7684\u63a5\u53d7\u4e86\u5bfb\u627e\u5931\u8e2a\u7684\u6c34\u736d\u5148\u751f\u7684\u4efb\u52a1\uff0c\u5982\u679c\u4e0d\u80fd\u5728\u4e24\u5929\u4e4b\u5185\u627e\u5230\u6c34\u736d\u5148\u751f\uff0c\u6731\u8fea\u5c31\u5fc5\u987b\u81ea\u613f\u79bb\u5f00\u8b66\u5c40\u3002\u6731\u8fea\u627e\u5230\u4e86\u5c3c\u514b\uff0c\u4e24\u4eba\u8054\u624b\u63ed\u9732\u4e86\u4e00\u4e2a\u9690\u85cf\u5728\u75af\u72c2\u52a8\u7269\u57ce\u4e4b\u4e2d\u7684\u60ca\u5929\u79d8\u5bc6\u3002\u00a9\u8c46\u74e3", "visual_type": [1, 2]}}, {"model": "visual.visual", "pk": 6, "fields": {"title": "\u751f\u6d3b\u5927\u7206\u70b8 \u7b2c\u4e5d\u5b63", "watched": true, "douban_id": "25845400", "imdb_id": "", "date_watched": "2016-06-08T02:55:48.281Z", "original_title": "The Big Bang Theory", "year": 2015, "rating": 8.7, "images": "https://img1.doubanio.com/view/movie_poster_cover/lpst/public/p2287032449.jpg", "summary": "\u5df2\u7ecf\u8ba2\u5a5a\u7684Leonard\uff08\u7ea6\u7ff0\u5c3c\u00b7\u76d6\u5c14\u514b\u5947 Johnny Galecki \u9970\uff09\u548cPenny\uff08\u51ef\u8389\u00b7\u5e93\u67ef Kaley Cuoco \u9970\uff09\u7ec8\u4e8e\u51b3\u5b9a\u8981\u7ed3\u5a5a\u4e86\uff01\u4ed6\u4eec\u4e0d\u9080\u8bf7\u4efb\u4f55\u4eb2\u670b\u597d\u53cb\uff0c\u98de\u53bb\u62c9\u65af\u7ef4\u52a0\u65af\u5feb\u901f\u4e3e\u884c\u5a5a\u793c\u3002\u5728\u8def\u4e0aLeonard\u5411\u672a\u5a5a\u59bb\u5766\u767d\u4e86\u4e00\u4e2a\u79d8\u5bc6\uff0c\u8fd9\u8ba9\u4ed6\u4eec\u4e4b\u95f4\u4ea7\u751f\u4e86\u88c2\u75d5\u3002\u957f\u8dd1\u591a\u5e74\u3001\u5373\u5c06\u7ed3\u5a5a\u7684Leonard\u548cPenny\u80fd\u5426\u987a\u5229\u5b8c\u5a5a\uff1f\r\n\u53e6\u4e00\u65b9\u9762\uff0cSheldon\uff08\u5409\u59c6\u00b7\u5e15\u68ee\u65af Jim Parsons \u9970\uff09\u906d\u9047\u4e86\u91cd\u5927\u6253\u51fb\u2014\u2014\u5973\u670b\u53cbAmy\u5411\u4ed6\u63d0\u51fa\u5206\u624b\u3002\u4ed6\u591a\u6b21\u8bd5\u56fe\u633d\u56de\uff0c\u7136\u800cAmy\u5bf9\u6b64\u76f8\u5f53\u575a\u51b3\u3002Howard\uff08\u897f\u8499\u00b7\u8d6b\u5c14\u4f2f\u683c Simon Helberg \u9970\uff09 \u548cRaj\uff08\u6606\u7459\u00b7\u5185\u4e9a Kunal Nayyar \u9970\uff09\u7b49\u8001\u53cb\u4e5f\u4e3a\u4ed6\u4eec\u7684\u4e8b\u800c\u4f24\u795e\u3002\u00a9\u8c46\u74e3", "visual_type": [3]}}, {"model": "visual.visual", "pk": 7, "fields": {"title": "\u5934\u8111\u7279\u5de5\u961f", "watched": true, "douban_id": "10533913", "imdb_id": "", "date_watched": "2016-06-08T02:55:50.298Z", "original_title": "Inside Out", "year": 2015, "rating": 8.7, "images": "https://img3.doubanio.com/view/movie_poster_cover/lpst/public/p2266293606.jpg", "summary": "\u53ef\u7231\u7684\u5c0f\u5973\u5b69\u83b1\u8389\uff08\u51ef\u7279\u6797\u00b7\u8fea\u4e9a\u65af Kaitlyn Dias \u914d\u97f3\uff09\u51fa\u751f\u5728\u660e\u5c3c\u82cf\u8fbe\u5dde\u4e00\u4e2a\u5e73\u51e1\u7684\u5bb6\u5ead\u4e2d\uff0c\u4ece\u5c0f\u5979\u5728\u7236\u6bcd\u7684\u5475\u62a4\u4e0b\u957f\u5927\uff0c\u8111\u6d77\u4e2d\u4fdd\u5b58\u7740\u65e0\u6570\u7f8e\u597d\u751c\u871c\u7684\u56de\u5fc6\u3002\u5f53\u7136\u8fd9\u4e9b\u8bb0\u5fc6\u8fd8\u4e0e\u51e0\u4e2a\u83b1\u8389\u672a\u66fe\u8c0b\u9762\u7684\u4f19\u4f34\u606f\u606f\u76f8\u5173\uff0c\u4ed6\u4eec\u5c31\u662f\u4eba\u7c7b\u7684\u4e94\u79cd\u4e3b\u8981\u60c5\u7eea\uff1a\u4e50\u4e50\uff08\u827e\u7c73\u00b7\u6ce2\u52d2 Amy Poehl er \u914d\u97f3\uff09\u3001\u5fe7\u5fe7\uff08\u83f2\u5229\u4e1d\u00b7\u53f2\u5bc6\u65af Phyllis Smith \u914d\u97f3\uff09\u3001\u6015\u6015\uff08\u6bd4\u5c14\u00b7\u54c8\u5fb7\u5c14 Bill Hader \u914d\u97f3\uff09\u3001\u538c\u538c\uff08\u654f\u8fea\u00b7\u5361\u7075 Mindy Kaling \u914d\u97f3\uff09\u548c\u6012\u6012\uff08\u5218\u6613\u65af\u00b7\u5e03\u83b1\u514b Lewis Black \u914d\u97f3\uff09\u3002\u4e50\u4e50\u4f5c\u4e3a\u56e2\u961f\u7684\u9886\u5bfc\uff0c\u5979\u534f\u540c\u5176\u4ed6\u4f19\u4f34\u81f4\u529b\u4e8e\u4e3a\u5c0f\u4e3b\u4eba\u8425\u9020\u66f4\u591a\u7f8e\u597d\u7684\u73cd\u8d35\u56de\u5fc6\u3002\u67d0\u5929\uff0c\u83b1\u8389\u968f\u540c\u7236\u6bcd\u642c\u5230\u4e86\u65e7\u91d1\u5c71\uff0c\u80ae\u810f\u903c\u4ec4\u7684\u516c\u5bd3\u3001\u964c\u751f\u7684\u6821\u56ed\u73af\u5883\u3001\u9010\u6e10\u5931\u843d\u7684\u53cb\u60c5\u90fd\u8ba9\u83b1\u8389\u65e0\u6240\u9002\u4ece\uff0c\u5979\u7684\u8d1f\u9762\u60c5\u7eea\u9010\u6e10\u7d2f\u79ef\uff0c\u5185\u5fc3\u7f8e\u597d\u7684\u4e16\u754c\u6e10\u6b21\u5d29\u584c\u3002\r\n\u4e3a\u4e86\u4fdd\u62a4\u8fd9\u4e00\u5207\uff0c\u4e50\u4e50\u53ea\u6709\u884c\u52a8\u8d77\u6765\u2026\u2026\u00a9\u8c46\u74e3", "visual_type": [1, 2]}}, {"model": "visual.visual", "pk": 8, "fields": {"title": "\u8d85\u80c6\u4fa0 \u7b2c\u4e8c\u5b63", "watched": true, "douban_id": "26373110", "imdb_id": "", "date_watched": "2016-06-08T02:55:52.333Z", "original_title": "Daredevil", "year": 2016, "rating": 8.6, "images": "https://img3.doubanio.com/view/movie_poster_cover/lpst/public/p2325665994.jpg", "summary": "\u6f2b\u5a01\u8d85\u7ea7\u82f1\u96c4\u7535\u89c6\u5267\u300a\u8d85\u80c6\u4fa0\u300b\u8fd1\u65e5\u7eed\u8ba2\u7b2c\u4e8c\u5b63\uff0c\u5c06\u7ee7\u7eed\u5728Netflix\u5e73\u53f0\u4e0a\u64ad\u51fa\u3002", "visual_type": [3]}}, {"model": "visual.visual", "pk": 9, "fields": {"title": "\u795e\u76fe\u5c40\u7279\u5de5 \u7b2c\u4e09\u5b63", "watched": true, "douban_id": "26384798", "imdb_id": "", "date_watched": "2016-06-08T02:55:54.278Z", "original_title": "Agents of S.H.I.E.L.D.", "year": 2015, "rating": 8.4, "images": "https://img1.doubanio.com/view/movie_poster_cover/lpst/public/p2267559189.jpg", "summary": "ABC\u6b63\u5f0f\u5ba3\u5e03\u7eed\u8ba2\u300a\u795e\u76fe\u5c40\u7279\u5de5\u300b\u7b2c\u4e09\u5b63\u3002", "visual_type": [3]}}, {"model": "visual.visual", "pk": 10, "fields": {"title": "\u75af\u72c2\u7684\u9ea6\u514b\u65af4\uff1a\u72c2\u66b4\u4e4b\u8def", "watched": true, "douban_id": "3592854", "imdb_id": "", "date_watched": "2016-06-08T02:55:56.760Z", "original_title": "Mad Max: Fury Road", "year": 2015, "rating": 8.5, "images": "https://img3.doubanio.com/view/movie_poster_cover/lpst/public/p2236181653.jpg", "summary": "\u672a\u6765\u4e16\u754c\uff0c\u6c34\u8d44\u6e90\u77ed\u7f3a\u5f15\u53d1\u4e86\u8fde\u7ef5\u7684\u6218\u4e89\u3002\u4eba\u4eec\u76f8\u4e92\u53ae\u6740\uff0c\u4e89\u593a\u6709\u9650\u7684\u8d44\u6e90\uff0c\u5730\u7403\u53d8\u6210\u4e86\u8840\u8165\u5341\u8db3\u7684\u6740\u622e\u6b7b\u6218\u573a\u3002\u9762\u5bb9\u6050\u6016\u7684\u4e0d\u6b7b\u4e54\u5728\u6208\u58c1\u5c71\u8c37\u5efa\u7acb\u4e86\u96be\u4ee5\u64bc\u52a8\u7684\u5f3a\u5927\u6b66\u88c5\u738b\u56fd\uff0c\u4ed6\u624b\u4e0b\u7684\u6218\u90ce\u9a7e\u9a76\u88c5\u5907\u5c16\u7aef\u6b66\u5668\u7684\u6218\u8f66\u56db\u4e0b\u62a2\u63a0\uff0c\u6740\u4f10\u65e0\u5ea6\uff0c\u751a\u81f3\u5c06\u81ea\u5df1\u7684\u5b69\u5b50\u6253\u9020\u6210\u6218\u4e89\u673a\u5668\u3002\u5728\u6700\u8fd1\u4e00\u6b21\u884c\u52a8\u4e2d\uff0c\u4e0d\u6b7b\u4e54\u7684\u5f97\u529b\u6218\u5c06\u5f17\u745e\u5965\u8428\uff08\u67e5\u7406\u5179\u00b7\u585e\u9686 Charlize Theron \u9970\uff09\u5e26\u7740\u751f\u80b2\u8005\u4eec\u53db\u9003\uff0c\u8fd9\u4ee4\u4e0d\u6b7b\u4e54\u607c\u7f9e\u6210\u6012\uff0c\u53d1\u8a93\u8981\u8ffd\u56de\u751f\u80b2\u8005\u3002\u7ecf\u5386\u4e86\u6fc0\u70c8\u7684\u8ffd\u9010\u6218\u548c\u6467\u6bc1\u529b\u6781\u5f3a\u7684\u6c99\u5c18\u66b4\uff0c\u5f17\u745e\u5965\u8428\u548c\u4f5c\u4e3a\u8840\u4e3b\u7684\u9ea6\u514b\u65af\uff08\u6c64\u59c6\u00b7\u54c8\u8fea Tom Hardy \u9970\uff09\u88ab\u8feb\u4e0a\u8def\uff0c\u800c\u8eab\u540e\u4e0d\u4ec5\u6709\u4e0d\u6b7b\u4e54\u7684\u8ffd\u5175\uff0c\u8fd8\u6709\u6c7d\u6cb9\u9547\u3001\u5b50\u5f39\u519c\u573a\u7684\u91cd\u5175\u8ffd\u9010\u3002\r\n\u672b\u4e16\u6218\u4e89\uff0c\u5168\u9762\u7206\u53d1\u2026\u2026\u00a9\u8c46\u74e3", "visual_type": [1]}}, {"model": "visual.visual", "pk": 11, "fields": {"title": "\u706b\u661f\u6551\u63f4", "watched": true, "douban_id": "25864085", "imdb_id": "", "date_watched": "2016-06-08T02:55:58.699Z", "original_title": "The Martian", "year": 2015, "rating": 8.4, "images": "https://img3.doubanio.com/view/movie_poster_cover/lpst/public/p2280097442.jpg", "summary": "\u8f7d\u4eba\u822a\u5929\u5b87\u5b99\u98de\u8239\u963f\u745e\u65af3\u53f7\u6210\u529f\u62b5\u8fbe\u706b\u661f\uff0c\u8c01\u77e5\u4e00\u573a\u7834\u574f\u529b\u6781\u5176\u5de8\u5927\u7684\u98ce\u66b4\u5411\u5b87\u822a\u5458\u4eec\u88ad\u6765\uff0c\u963f\u745e\u65af3\u53f7\u88ab\u8feb\u4e2d\u65ad\u4efb\u52a1\uff0c\u7d27\u6025\u8fd4\u822a\u3002\u64a4\u79bb\u9014\u4e2d\uff0c\u5b87\u822a\u5458\u9a6c\u514b\u00b7\u6c83\u4f26\u65af\uff08\u9a6c\u7279\u00b7\u8fbe\u8499 Matt Damon \u9970\uff09\u88ab\u98de\u8239\u4e0a\u5439\u843d\u7684\u96f6\u4ef6\u51fb\u4e2d\uff0c\u7531\u4e8e\u751f\u8fd8\u5e0c\u671b\u6e3a\u832b\uff0c\u961f\u53cb\u4eec\u53ea\u5f97\u5306\u5306\u8fd4\u822a\uff0c\u5e76\u5411\u4e16\u4eba\u5ba3\u544a\u4ed6\u5df2\u727a\u7272\u7684\u4e8b\u5b9e\u3002\u51fa\u4e4e\u610f\u6599\u7684\u662f\uff0c\u9a6c\u514b\u4ee5\u6781\u4f4e\u7684\u6982\u7387\u6d3b\u4e86\u4e0b\u6765\u3002\u4ed6\u5815\u5165\u9a7b\u706b\u661f\u7684\u822a\u5929\u57fa\u5730\u7597\u4f24\u3002\u4e0b\u4e00\u6b21\u706b\u661f\u4efb\u52a1\u8981\u7b49\u5230\u56db\u5e74\u540e\uff0c\u800c\u57fa\u5730\u5185\u7684\u8865\u5bc4\u4ec5\u591f\u4ed6\u7ef4\u630131\u5929\u3002\u77ed\u6682\u7684\u7edd\u671b\u540e\uff0c\u9a6c\u514b\u51b3\u5b9a\u5229\u7528\u6709\u9650\u7684\u98df\u7269\uff0c\u5728\u8fd9\u9897\u7a7a\u65e0\u4e00\u4eba\u7684\u661f\u7403\u4e0a\u79cd\u690d\u4f5c\u7269\uff0c\u5bfb\u627e\u4e00\u7ebf\u751f\u673a\u3002\u4e0e\u6b64\u540c\u65f6\uff0c\u5730\u7403\u65b9\u9762\u4e5f\u5f88\u5feb\u53d1\u73b0\u9a6c\u514b\u751f\u8fd8\u7684\u4e8b\u5b9e\uff0c\u4ed6\u4eec\u60f3\u5c3d\u529e\u6cd5\u90e8\u7f72\u8425\u6551\u8ba1\u5212\u3002\u5b64\u519b\u594b\u6218\u7684\u9a6c\u514b\uff0c\u80fd\u5426\u7b49\u5230\u6551\u63f4\u961f\u4f0d\u7684\u5230\u6765\uff1f\r\n\u5f71\u7247\u6539\u7f16\u81ea\u5b89\u8fea\u00b7\u5a01\u5c14\u7684\u540c\u540d\u79d1\u5e7b\u5c0f\u8bf4\u3002\u00a9\u8c46\u74e3", "visual_type": [1]}}, {"model": "visual.visual", "pk": 12, "fields": {"title": "\u6697\u6740\u6559\u5ba4 \u7b2c2\u5b63", "watched": true, "douban_id": "26375693", "imdb_id": "", "date_watched": "2016-06-08T02:56:01.534Z", "original_title": "\u6697\u6bba\u6559\u5ba4 \u7b2c2\u671f", "year": 2016, "rating": 8.4, "images": "https://img3.doubanio.com/view/movie_poster_cover/lpst/public/p2298126991.jpg", "summary": "\u7ecf\u8fc7\u5357\u56fd\u5c0f\u5c9b\u4e0a\u548c\u9e70\u5188\u7684\u51b3\u6597\uff0c3\u5e74E\u73ed\u7684\u5404\u4f4d\u4e0e\u6740\u8001\u5e08\uff08\u798f\u5c71\u6da6 \u914d\u97f3\uff09\u7684\u5173\u7cfb\u8fdb\u4e00\u6b65\u62c9\u8fd1\u3002\u867d\u7136\u6697\u6740\u6d3b\u52a8\u4ecd\u5728\u7ee7\u7eed\uff0c\u7136\u800c\u8fd9\u4f3c\u4e4e\u5df2\u7ecf\u53d8\u6210\u4e86\u5e08\u751f\u4e4b\u95f4\u4e92\u52a8\u73a9\u4e50\u7684\u91cd\u8981\u73af\u8282\u3002\u4ee5\u8305\u91ce\u67ab\uff08\u6d32\u5d0e\u7eeb \u914d\u97f3\uff09\u4e3a\u4ee3\u8868\u7684\u5b66\u751f\u4eec\u53c8\u5f00\u59cb\u7b56\u5212\u66f4\u52a0\u7cbe\u5f69\u7684\u6697\u6740\u9677\u9631\u3002\u9664\u6b64\u4e4b\u5916\uff0c\u4ed6\u4eec\u5e2e\u52a9\u6bd4\u742a\u8001\u5e08\uff08\u4f0a\u85e4\u9759 \u914d\u97f3\uff09\u8ffd\u6c42\u4e4c\u95f4\u60df\u81e3\uff08\u6749\u7530\u667a\u548c \u914d\u97f3\uff09\uff0c\u53c8\u6216\u8005\u78e8\u5200\u970d\u970d\u4e0eA\u73ed\u7684\u7cbe\u82f1\u4eec\u5c55\u5f00\u8363\u8a89\u4e0e\u5c0a\u4e25\u4e4b\u6218\u3002\u4e0e\u6b64\u540c\u65f6\uff0c\u767d\u5148\u751f\u5e26\u9886\u5800\u90e8\u7cfb\u6210\uff08\u7eea\u65b9\u60e0\u7f8e \u914d\u97f3\uff09\u5377\u571f\u91cd\u6765\uff0c\u800c\u795e\u79d8\u7684\u6b7b\u795e\u5219\u5c06E\u73ed\u63a8\u5411\u5404\u4f4d\u51f6\u9669\u7684\u5883\u5730\u3002\u968f\u7740\u6700\u540e\u671f\u9650\u4e00\u5929\u5929\u903c\u8fd1\uff0c\u6740\u8001\u5e08\u548c\u5b66\u751f\u4eec\u7684\u5173\u7cfb\u53d8\u5f97\u6108\u52a0\u5fae\u5999\u2026\u2026\r\n\u672c\u7247\u6839\u636e\u677e\u4e95\u4f18\u5f81\u7684\u8d85\u4eba\u6c14\u6f2b\u753b\u6539\u7f16\u3002\u00a9\u8c46\u74e3", "visual_type": [2, 3]}}, {"model": "visual.visual", "pk": 13, "fields": {"title": "\u897f\u6e38\u8bb0\u4e4b\u5927\u5723\u5f52\u6765", "watched": true, "douban_id": "26277313", "imdb_id": "", "date_watched": "2016-06-08T02:56:04.168Z", "original_title": "\u897f\u6e38\u8bb0\u4e4b\u5927\u5723\u5f52\u6765", "year": 2015, "rating": 8.3, "images": "https://img3.doubanio.com/view/movie_poster_cover/lpst/public/p2255028780.jpg", "summary": "\u4e94\u767e\u5e74\u524d\uff0c\u7531\u77f3\u7334\u53d8\u5316\u800c\u6210\u7684\u9f50\u5929\u5927\u5723\u5b59\u609f\u7a7a\uff08\u5f20\u78ca \u914d\u97f3\uff09\u5927\u95f9\u5929\u5bab\uff0c\u6700\u7ec8\u88ab\u5982\u6765\u4f5b\u7956\u9547\u5728\u4e86\u4e94\u884c\u5c71\u4e0b\u3002\u6b64\u53bb\u7ecf\u5e74\uff0c\u957f\u5b89\u57ce\u5185\u7a81\u7136\u906d\u5230\u5c71\u5996\u6d17\u52ab\uff0c\u7ae5\u7537\u7ae5\u5973\u54ed\u58f0\u8fde\u8fde\uff0c\u547d\u60ac\u4e00\u7ebf\u3002\u5371\u673a\u65f6\u523b\uff0c\u81ea\u5e7c\u88ab\u884c\u811a\u50e7\u6cd5\u660e\uff08\u5434\u6587\u4f26 \u914d\u97f3\uff09\u629a\u517b\u957f\u5927\u7684\u6c5f\u6d41\u513f\uff08\u6797\u5b50\u6770 \u914d\u97f3\uff09\u6551\u4e0b\u4e86\u4e00\u4e2a\u5c0f\u5973\u5b69\uff0c\u7ed3\u679c\u53cd\u906d\u5c71\u5996\u8ffd\u6740\u3002\u7ecf\u8fc7\u4e00\u756a\u8ffd\u9010\uff0c\u6c5f\u6d41\u513f\u65e0\u610f\u4e2d\u89e3\u9664\u4e86\u5b59\u609f\u7a7a\u7684\u5c01\u5370\uff0c\u9f50\u5929\u5927\u5723\u81ea\u7136\u597d\u597d\u5730\u5c06\u5c71\u5996\u6559\u8bad\u4e86\u4e00\u756a\u3002\u56e0\u4e3a\u5c01\u5370\u672a\u89e3\u5f00\uff0c\u609f\u7a7a\u4e0d\u5f97\u4e0d\u62a4\u9001\u6c5f\u6d41\u513f\u548c\u5c0f\u5973\u5b69\u56de\u957f\u5b89\uff0c\u4e00\u8def\u4e0a\u53c8\u906d\u9047\u4e86\u732a\u516b\u6212\uff08\u5218\u4e5d\u5bb9 \u914d\u97f3\uff09\u548c\u767d\u9f99\u9a6c\u3002\r\n\u4e0e\u6b64\u540c\u65f6\uff0c\u5996\u738b\uff08\u7ae5\u81ea\u8363 \u914d\u97f3\uff09\u7edd\u4e0d\u7518\u5fc3\u5931\u8d25\uff0c\u4ed6\u8eb2\u5728\u6697\u4e2d\uff0c\u7b49\u5f85\u7740\u7ed9\u5b59\u609f\u7a7a\u4e00\u884c\u81f4\u547d\u4e00\u51fb\u7684\u826f\u673a\u2026\u2026\u00a9\u8c46\u74e3", "visual_type": [1, 2]}}, {"model": "visual.visual", "pk": 14, "fields": {"title": "\u57ab\u5e95\u8fa3\u59b9", "watched": true, "douban_id": "26259677", "imdb_id": "", "date_watched": "2016-06-08T02:56:06.782Z", "original_title": "\u30d3\u30ea\u30ae\u30e3\u30eb", "year": 2015, "rating": 8.2, "images": "https://img3.doubanio.com/view/movie_poster_cover/lpst/public/p2329080834.jpg", "summary": "\u957f\u76f8\u751c\u7f8e\u7684\u9ad8\u4e2d\u5973\u5b69\u5de5\u85e4\u6c99\u8036\u52a0\uff08\u6709\u6751\u67b6\u7eaf \u9970\uff09\u5728\u5bb6\u5e76\u4e0d\u53d7\u7236\u4eb2\u5f85\u89c1\uff0c\u7236\u4eb2\u4e00\u5fc3\u8981\u628a\u5f1f\u5f1f\u57f9\u517b\u6210\u68d2\u7403\u624b\uff0c\u800c\u758f\u4e8e\u5bf9\u5973\u513f\u4eec\u7684\u5475\u62a4\u3002\u6c99\u8036\u52a0\u6240\u5728\u7684\u9ad8\u4e2d\u6709\u5185\u90e8\u5347\u5b66\u7684\u5236\u5ea6\uff0c\u56e0\u6b64\u5979\u7ec8\u65e5\u548c\u5c0f\u59d0\u59b9\u4eec\u5403\u559d\u73a9\u4e50\uff0c\u5b66\u4e60\u6389\u5230\u4e86\u5168\u5e74\u7ea7\u5012\u6570\u7b2c\u4e00\u4e5f\u6beb\u4e0d\u4e3a\u610f\u3002\u6e29\u67d4\u52e4\u82e6\u7684\u5988\u5988\uff08\u5409\u7530\u7f8a \u9970\uff09\u7ecf\u5e38\u88ab\u6821\u65b9\u627e\u53bb\u8bf4\u6559\uff0c\u5979\u4e3a\u5973\u513f\u7684\u672a\u6765\u7126\u8651\u4e07\u5206\uff0c\u56e0\u6b64\u5c06\u6c99\u8036\u52a0\u9001\u5230\u4e86\u576a\u7530\uff08\u4f0a\u85e4\u6df3\u53f2 \u9970\uff09\u6240\u5f00\u529e\u7684\u8865\u4e60\u73ed\u3002\u7ecf\u8fc7\u6c34\u5e73\u6d4b\u8bd5\uff0c\u6c99\u8036\u52a0\u5b9e\u9645\u53ea\u6709\u5c0f\u5b66\u56db\u5e74\u7ea7\u7684\u6c34\u5e73\uff0c\u4e0d\u8fc7\u5f00\u6717\u81ea\u4fe1\u7684\u576a\u7530\u4e0d\u4ee5\u4e3a\u610f\uff0c\u4ed6\u4ee5\u7279\u6709\u7684\u65b9\u5f0f\u6253\u5f00\u5973\u5b69\u7684\u5fc3\u9632\uff0c\u4e24\u4eba\u5f88\u5feb\u6210\u4e3a\u597d\u670b\u53cb\u3002\u5728\u576a\u7530\u7684\u5e2e\u52a9\u4e0b\uff0c\u6c99\u8036\u52a0\u961f\u5b66\u4e60\u7684\u6001\u5ea6\u9010\u6e10\u6d53\u539a\uff0c\u540e\u6765\u66f4\u7acb\u4e0b\u4e86\u8003\u53d6\u5e86\u5e94\u5927\u5b66\u7684\u5b8f\u613f\u3002\u8fd9\u662f\u4e11\u5c0f\u9e2d\u7edd\u5730\u9006\u88ad\u7684\u771f\u5b9e\u6545\u4e8b\u2026\u2026\r\n\u672c\u7247\u6839\u636e\u300a\u5e74\u7ea7\u5012\u6570\u7b2c\u4e00\u7684\u8fa3\u59b9\u4e00\u5e74\u5185\u504f\u5dee\u503c\u63d0\u534740\u4ee5\u4e0a\u5e76\u8003\u5165\u5e86\u5e94\u5927\u5b66\u7684\u6545\u4e8b\u300b\u6539\u7f16\uff0c\u8be5\u4e66\u53d6\u6750\u81ea\u771f\u4eba\u771f\u4e8b\uff0c\u7531\u62c5\u4efb\u5f71\u7247\u5973\u4e3b\u89d2\u539f\u578b\u5c0f\u6797\u6c99\u8036\u52a0\u7684\u79c1\u587e\u6559\u5e08\u576a\u7530\u4fe1\u8d35\u64b0\u5199\u3002\u00a9\u8c46\u74e3", "visual_type": [1]}}, {"model": "visual.visual", "pk": 15, "fields": {"title": "\u7279\u5de5\u5361\u7279 \u7b2c\u4e8c\u5b63", "watched": true, "douban_id": "26384783", "imdb_id": "", "date_watched": "2016-06-08T02:56:08.814Z", "original_title": "Agent Carter", "year": 2016, "rating": 8.2, "images": "https://img3.doubanio.com/view/movie_poster_cover/lpst/public/p2270006481.jpg", "summary": "\u300a\u7279\u5de5\u5361\u7279\u300b\uff08Marvel\u2019s Agent Carter\uff09\u7b2c\u4e8c\u5b63\u8f6c\u6218\u597d\u83b1\u575e\u62cd\u6444\uff0c\u6f14\u5458\u9635\u5bb9\u6269\u5927\u3002Dominic Cooper\u548cBridget Regan\u786e\u5b9a\u56de\u5f52\u3002Marvel TV\u4eca\u5929\u5728\u7ebd\u7ea6\u6f2b\u5c55\u4e0a\u5ba3\u5e03\uff0c\u6765\u81ea\u300a\u65b0\u95fb\u7f16\u8f91\u5ba4\u300b\uff08Newsroom\uff09\u7684Wynn Everett, \u4ee5\u53caLotte Verbeek(The Fault In Our Stars), Currie Graham (Pompeii) \u548cReggie Austin(\u300a\u86c7\u874e\u5973\u4f63\u300bDevious Maids)\u5df2\u4f5c\u4e3a\u5e38\u89c4\u52a0\u5165\u7b2c\u4e8c\u5b63\u3002\r\nEverett\u5c06\u9970\u6f14\u6f2b\u753b\u539f\u8457\u4e2d\u7684\u89d2\u8272Whitney Frost, \u4e00\u4e2a\u597d\u83b1\u575e\u7684\u5973\u6f14\u5458\u53ca\u53d1\u660e\u5bb6\u3002\u5728\u6f2b\u753b\u4e2d\uff0cWhitney\u9996\u6b21\u51fa\u73b0\u662f\u57281968\u5e74\u7684\u300aTales Of Suspense\u300b\u7b2c98\u671f\u4e2d\uff0c\u6bd4\u300a\u94a2\u94c1\u4fa0\u300b\u7b2c17\u671f\u4e2d\u51fa\u73b0\u7684Madame Masque\u65e9\u3002Verbeek\u9970\u6f14Ana Jarvis, Edwin Jarvis\u7684\u968f\u6027\u7684\u59bb\u5b50\uff0c\u5f88\u5feb\u4e0ePeggy\u6210\u4e3a\u597d\u670b\u53cb\u5e76\u5e2e\u5979\u9002\u5e94\u6d1b\u6749\u77f6\u7684\u751f\u6d3b\u3002Graham\u9970\u6f14Whitney\u7684\u4e08\u592bCalvin Chadwick, \u4e00\u4e2a\u5f88\u6709\u6743\u52bf\u7684\u5546\u4eba\u3002Austin\u9970\u6f14Jason Wilkes, \u4e00\u4e2a\u53e4\u602a\u5374\u5f88\u6709\u9b45\u529b\u7684\u79d1\u5b66\u5bb6\uff0c\u7acb\u523b\u5438\u5f15\u4e86Peggy\u7684\u6ce8\u610f\u3002", "visual_type": [3]}}, {"model": "visual.visual", "pk": 16, "fields": {"title": "\u79d8\u5bc6\u7279\u5de5", "watched": true, "douban_id": "6845667", "imdb_id": "", "date_watched": "2016-06-08T02:56:11.326Z", "original_title": "The Man from U.N.C.L.E.", "year": 2015, "rating": 8.0, "images": "https://img3.doubanio.com/view/movie_poster_cover/lpst/public/p2257174963.jpg", "summary": "\u5f71\u7247\u6539\u7f16\u81ea\u540c\u540d\u7535\u89c6\u5267\u3002\u300a\u79d8\u5bc6\u7279\u5de5\u300b\u662f1964\u5e74\u52301968\u5e74\u95f4\u7684\u4e00\u90e8\u7ecf\u5178\u7535\u89c6\u5267\uff0c\u5171\u64ad\u51fa\u4e86105\u96c6\uff0c\u7531\u8001\u724c\u5f71\u661f\u7f57\u4f2f\u7279\u00b7\u6c83\u6069 \u3001\u5927\u536b\u00b7\u9ea6\u8003\u59c6\u8054\u8882\u4e3b\u6f14\uff0c\u662f\u5f53\u5e74\u4e00\u90e8\u8457\u540d\u7684\u53cc\u96c4\u5267\u3002\u6545\u4e8b\u5185\u5bb9\u662f\u5173\u4e8e\u201c\u6267\u6cd5\u8054\u5408\u6307\u6325\u90e8\u201d\u7684\u4e24\u540d\u7279\u5de5\u5bf9\u6297\u654c\u65b9\u7ec4\u7ec7T.H.R.U.S.H.\uff08Technological Hierarchy for the Removal of Undesirables and the Subjugation of Humanity\uff09", "visual_type": [1]}}, {"model": "visual.visual", "pk": 17, "fields": {"title": "\u5e0c\u7279\u52d2\u56de\u6765\u4e86", "watched": true, "douban_id": "26585014", "imdb_id": "", "date_watched": "2016-06-08T02:56:13.703Z", "original_title": "Er ist wieder da", "year": 2015, "rating": 7.8, "images": "https://img1.doubanio.com/view/movie_poster_cover/lpst/public/p2329535697.jpg", "summary": "\u7531\u4f5c\u5bb6\u8482\u7a46\u5c14\u00b7\u97e6\u5c14\u59c6\u6240\u5199\u7684\u540c\u540d\u793e\u4f1a\u8bbd\u523a\u5c0f\u8bf4\u6539\u7f16\uff0c\u8bb2\u8ff0\u7684\u662f\u5e0c\u7279\u52d2\u7a7f\u8d8a\u65f6\u7a7a\u6765\u5230\u73b0\u4ee3\u591a\u6587\u5316\u7684\u5fb7\u56fd\uff0c\u60ca\u8bb6\u5730\u53d1\u73b0\u5fb7\u56fd\u9886\u5bfc\u4eba\u5c45\u7136\u662f\u4e00\u4f4d\u5973\u4eba\uff0c\u5e76\u4e14\u901a\u8fc7\u7535\u89c6\u548c\u7f51\u7edc\u53d1\u73b0\u6ce2\u5170\u4ecd\u7136\u662f\u4e00\u4e2a\u72ec\u7acb\u56fd\u5bb6\u7684\u6545\u4e8b\u3002\u6700\u7ec8\u5e0c\u7279\u52d2\u5728\u73b0\u4ee3\u793e\u4f1a\u6210\u4e3a\u4e86\u4e00\u4e2a\u9760\u8bbd\u523a\u6279\u8bc4\u793e\u4f1a\u3001\u5927\u4f17\u5a92\u4f53\u4e0e\u540d\u4eba\u7cca\u53e3\u7684\u4e8c\u6d41\u7535\u89c6\u660e\u661f\u3002", "visual_type": [1]}}, {"model": "visual.visual", "pk": 18, "fields": {"title": "\u5947\u5e7b\u68ee\u6797", "watched": true, "douban_id": "25777636", "imdb_id": "", "date_watched": "2016-06-08T02:56:15.713Z", "original_title": "The Jungle Book", "year": 2016, "rating": 7.9, "images": "https://img3.doubanio.com/view/movie_poster_cover/lpst/public/p2326337223.jpg", "summary": "\u6bdb\u514b\u5229\uff08\u5c3c\u5c14\u00b7\u585e\u897f Neel Sethi \u9970\uff09\u662f\u4e00\u4e2a\u7531\u72fc\u7fa4\u517b\u5927\u7684\u4eba\u7c7b\u7537\u5b69\uff0c\u5f71\u7247\u56f4\u7ed5\u4ed6\u7684\u68ee\u6797\u5192\u9669\u5f90\u5f90\u5c55\u5f00\u3002\u8c22\u5229\u00b7\u53ef\u6c57\uff0c\u4e00\u53ea\u53d7\u8fc7\u4eba\u7c7b\u4f24\u5bb3\u7684\u8001\u864e\uff08\u4f0a\u5fb7\u91cc\u65af\u00b7\u827e\u5c14\u5df4 Idris Elba \u914d\u97f3\uff09\uff0c\u53d1\u8a93\u8981\u5c06\u6bdb\u514b\u5229\u94f2\u9664\u3002\u4e3a\u4e86\u9003\u8131\u8ffd\u6355\uff0c\u6bdb\u514b\u5229\u8ddf\u968f\u4e25\u5389\u7684\u5bfc\u5e08\u9ed1\u8c79\u5df4\u5e0c\u62c9\uff08\u672c\u00b7\u91d1\u65af\u5229 Ben Kingsley \u914d\u97f3\uff09\u548c\u81ea\u7531\u81ea\u5728\u7684\u597d\u53cb\u68d5\u718a\u5df4\u9c81\uff08\u6bd4\u5c14\u00b7\u9ed8\u745e Bill Murray \u914d\u97f3\uff09\uff0c\u8e0f\u4e0a\u4e86\u4e00\u573a\u7cbe\u5f69\u7eb7\u5448\u7684\u81ea\u6211\u63a2\u7d22\u65c5\u7a0b\u3002\u5728\u8fd9\u8d9f\u65c5\u9014\u4e2d\uff0c\u6bdb\u514b\u5229\u9047\u5230\u4e86\u4e00\u4e9b\u5bf9\u4ed6\u5c45\u5fc3\u53f5\u6d4b\u7684\u4e1b\u6797\u751f\u7269\uff0c\u5305\u62ec\u5de8\u87d2\u5361\u5965\uff08\u65af\u5609\u4e3d\u00b7\u7ea6\u7ff0\u900a Scarlett Johansson \u914d\u97f3\uff09\uff0c\u5979\u7528\u8ff7\u4eba\u7684\u58f0\u97f3\u548c\u773c\u795e\u8ff7\u60d1\u6bdb\u514b\u5229\uff1b\u8fd8\u6709\u82b1\u8a00\u5de7\u8bed\u7684\u7329\u7329\u8def\u6613\u738b\uff08\u514b\u91cc\u65af\u6258\u5f17\u00b7\u6c83\u80af Christopher Walken \u914d\u97f3\uff09\uff0c\u4ed6\u8bd5\u56fe\u901a\u8fc7\u5a01\u903c\u5229\u8bf1\u8ba9\u6bdb\u514b\u5229\u4ea4\u51fa\u8ff7\u5e7b\u800c\u81f4\u547d\u7684\u201c\u7ea2\u82b1\u201d\u2014\u2014\u706b\u7130\u7684\u79d8\u5bc6\u3002\u5f53\u68ee\u6797\u4e0d\u518d\u662f\u5b89\u5168\u7684\u5bb6\u56ed\uff0c\u6bdb\u514b\u5229\u8be5\u4f55\u53bb\u4f55\u4ece\uff1f\u800c\u6bd5\u751f\u96be\u5fd8\u7684\u4f1f\u5927\u5192\u9669\uff0c\u624d\u521a\u521a\u62c9\u5f00\u5e8f\u5e55\u2026\u2026", "visual_type": [1]}}, {"model": "visual.visual", "pk": 19, "fields": {"title": "\u8352\u91ce\u730e\u4eba", "watched": true, "douban_id": "5327268", "imdb_id": "", "date_watched": "2016-06-08T02:56:17.921Z", "original_title": "The Revenant", "year": 2015, "rating": 7.8, "images": "https://img1.doubanio.com/view/movie_poster_cover/lpst/public/p2323258429.jpg", "summary": "\u4f11\u00b7\u683c\u62c9\u65af\uff08\u83b1\u6602\u7eb3\u591a\u00b7\u8fea\u5361\u666e\u91cc\u5965 Leonardo DiCaprio \u9970\uff09\u662f\u4e00\u540d\u76ae\u8349\u730e\u4eba\uff0c\u5728\u4e00\u6b21\u6253\u730e\u9014\u4e2d\u88ab\u4e00\u5934\u718a\u6bb4\u6253\u6210\u91cd\u4f24\u540e\u88ab\u540c\u884c\u7684\u4e58\u8239\u8239\u957f\u5b89\u5fb7\u9c81\u00b7\u4ea8\u5229\uff08\u591a\u59c6\u7eb3\u5c14\u00b7\u683c\u91cc\u68ee Domhnall Gleeson \u9970\uff09\u6551\u4e0b\uff0c\u8239\u957f\u96c7\u4f63\u4e86\u4e24\u4e2a\u4eba\u7ea6\u7ff0\u00b7\u83f2\u8328\u6770\u62c9\u5fb7\uff08\u6c64\u59c6\u00b7\u54c8\u8fea Tom Hardy \u9970\uff09\u548c\u5409\u59c6\u00b7\u5e03\u91cc\u6770\uff08\u5a01\u5c14\u00b7\u4fdd\u5c14\u7279 Will Poulter \u9970\uff09\u6765\u7167\u987e\u4ed6\u3002\u7ea6\u7ff0\u00b7\u83f2\u8328\u6770\u62c9\u5fb7\u6839\u672c\u65e0\u5fc3\u7167\u987e\u683c\u62c9\u65af\uff0c\u4e00\u5fc3\u53ea\u60f3\u7740\u5c06\u683c\u62c9\u65af\u7684\u8d22\u4ea7\u5360\u4e3a\u5df1\u6709\uff0c\u4e8e\u662f\u6b8b\u5fcd\u7684\u6740\u5bb3\u4e86\u683c\u62c9\u65af\u7684\u513f\u5b50\uff0c\u5e76\u8bf4\u670d\u5409\u59c6\u00b7\u5e03\u91cc\u6770\u5c06\u683c\u62c9\u65af\u629b\u5f03\u5728\u8352\u91ce\u7b49\u6b7b\u3002\u4e24\u4eba\u539f\u4ee5\u4e3a\u683c\u62c9\u65af\u5c31\u4f1a\u8fd9\u6837\u79bb\u4e16\uff0c\u4f46\u683c\u62c9\u65af\u51ed\u501f\u575a\u5f3a\u7684\u6bc5\u529b\u5728\u91ce\u6027\u7684\u86ee\u8352\u4e4b\u5730\u7a7f\u884c\u4e86\u597d\u51e0\u4e2a\u6708\uff0c\u7ec8\u4e8e\u56de\u5230\u4e86\u5b89\u5168\u5730\u5e26\u5e76\u5f00\u59cb\u4e86\u590d\u4ec7\u8ba1\u5212\u3002\r\n\u5f71\u7247\u6839\u636e\u8fc8\u514b\u5c14\u00b7\u5e9e\u514b\u540c\u540d\u957f\u7bc7\u5c0f\u8bf4\u6539\u7f16\u3002\u00a9\u8c46\u74e3", "visual_type": [1]}}, {"model": "visual.visual", "pk": 20, "fields": {"title": "\u6211\u7684\u5c11\u5973\u65f6\u4ee3", "watched": true, "douban_id": "26366465", "imdb_id": "", "date_watched": "2016-06-08T02:56:19.928Z", "original_title": "\u6211\u7684\u5c11\u5973\u6642\u4ee3", "year": 2015, "rating": 7.9, "images": "https://img3.doubanio.com/view/movie_poster_cover/lpst/public/p2285115802.jpg", "summary": "\u6210\u529f\u767d\u9886\u6797\u771f\u5fc3\uff08\u9648\u4e54\u6069 \u9970\uff09\u56e0\u88ab\u4e0a\u53f8\u538b\u8feb\u3001\u4e0b\u5c5e\u5410\u69fd\uff0c\u9677\u5165\u4e86\u5c11\u5973\u65f6\u4ee3\u7684\u6df1\u6df1\u56de\u5fc6\u3002\u539f\u6765\u66fe\u662f\u5e73\u51e1\u5c11\u5973\uff08\u5b8b\u82b8\u6866 \u9970\uff09\u7684\u771f\u5fc3\u6709\u7740\u4e00\u6bb5\u7206\u7b11\u5374\u6709\u5145\u6ee1\u751c\u871c\u7684\u521d\u604b\u56de\u5fc6\u3002\u5c11\u5973\u771f\u5fc3\u66fe\u7ecf\u6697\u604b\u6821\u8349\u6b27\u9633\u975e\u51e1\uff08\u674e\u7389\u73ba \u9970\uff09\uff0c\u5374\u603b\u662f\u4e0d\u654c\u6821\u82b1\u9676\u654f\u654f\uff08\u7b80\u5ef6\u82ae \u9970\uff09\u7684\u9b45\u529b\uff0c\u4ee4\u5979\u82e6\u607c\u4e0d\u5df2\uff0c\u4e00\u6b21\u610f\u5916\u5374\u8ba9\u5979\u4e0e\u6821\u9738\u5f90\u592a\u5b87\uff08\u738b\u5927\u9646 \u9970\uff09\u7ec4\u6210\u4e86\u201c\u5931\u604b\u9635\u7ebf\u8054\u76df\u201d\uff0c\u4ed6\u4eec\u52bf\u8981\u593a\u7231\uff0c\u4e0a\u6f14\u4e86\u4e00\u5e55\u5e55\u751f\u731b\u3001\u641e\u7b11\u7684\u9752\u6625\u8da3\u4e8b\uff0c\u800c\u5728\u76f8\u5904\u4e2d\u4e24\u4eba\u7684\u60c5\u611f\u4e5f\u53d1\u751f\u4e86\u5fae\u5999\u7684\u53d8\u5316\u2026\u2026\u82e5\u5e72\u5e74\u540e\uff0c\u6765\u5230\u6210\u4eba\u4e16\u754c\u7684\u6797\u771f\u5fc3\u53c8\u80fd\u5426\u91cd\u62fe\u521d\u5fc3\u5462\uff1f\u00a9\u8c46\u74e3", "visual_type": [1]}}, {"model": "visual.visual", "pk": 21, "fields": {"title": "\u7834\u4ea7\u59d0\u59b9 \u7b2c\u4e94\u5b63", "watched": true, "douban_id": "26342541", "imdb_id": "", "date_watched": "2016-06-08T02:56:22.113Z", "original_title": "2 Broke Girls", "year": 2015, "rating": 7.7, "images": "https://img3.doubanio.com/view/movie_poster_cover/lpst/public/p2250842051.jpg", "summary": "CBS\u6b63\u5f0f\u5ba3\u5e03\u7eed\u8ba2\u300a\u7834\u4ea7\u59d0\u59b9\u300b\u7b2c\u4e94\u5b63\u3002", "visual_type": [3]}}, {"model": "visual.visual", "pk": 22, "fields": {"title": "\u95ea\u7535\u4fa0 \u7b2c\u4e8c\u5b63", "watched": true, "douban_id": "26289459", "imdb_id": "", "date_watched": "2016-06-08T02:56:24.331Z", "original_title": "The Flash", "year": 2015, "rating": 7.7, "images": "https://img3.doubanio.com/view/movie_poster_cover/lpst/public/p2272553090.jpg", "summary": "11\u5c81\u65f6\uff0c\u827e\u4f26\uff08\u683c\u5170\u7279\u00b7\u53e4\u65af\u6c40 Grant Gustin \u9970\uff09\u7684\u6bcd\u4eb2\u79bb\u5947\u6b7b\u4ea1\uff0c\u800c\u4ed6\u7684\u7236\u4eb2\u5219\u88ab\u5f53\u6210\u4e86\u51f6\u624b\u3002\u4e4b\u540e\uff0c\u8b66\u63a2\u4e54\uff08\u6770\u897f\u00b7\u9a6c\u4e01 Jesse L. Martin \u9970\uff09\u6536\u7559\u4e86\u5b64\u82e6\u4f36\u4ec3\u7684\u827e\u4f26\uff0c\u5728\u4e54\u7684\u8033\u6fe1\u76ee\u67d3\u4e4b\u4e0b\uff0c\u6210\u5e74\u540e\u7684\u827e\u4f26\u6210\u4e3a\u4e86\u4e00\u540dCSI\u9274\u8bc1\u5206\u6790\u5458\uff0c\u5728\u6b64\u8fc7\u7a0b\u4e2d\uff0c\u4ed6\u4e00\u76f4\u6ca1\u6709\u653e\u5f03\u8fc7\u5bf9\u4e8e\u6bcd\u4eb2\u771f\u6b63\u6b7b\u56e0\u7684\u8c03\u67e5\u3002\r\n\u827e\u4f26\u5341\u5206\u8ff7\u604b\u79d1\u5b66\u5bb6\u54c8\u91cc\u68ee\uff08\u6c64\u59c6\u00b7\u52a0\u74e6\u90a3 Tom Cavanagh \u9970\uff09\u6240\u7814\u7a76\u7684\u7c92\u5b50\u52a0\u901f\u5668\uff0c\u7136\u800c\uff0c\u4e00\u573a\u610f\u5916\u8ba9\u52a0\u901f\u5668\u53d1\u751f\u4e86\u7206\u70b8\uff0c\u827e\u4f26\u88ab\u51fb\u4e2d\u9677\u5165\u4e86\u660f\u8ff7\u3002\u4e5d\u4e2a\u6708\u540e\uff0c\u7ec8\u4e8e\u82cf\u9192\u7684\u827e\u4f26\u60ca\u8bb6\u7684\u53d1\u73b0\u81ea\u5df1\u4f53\u5185\u4ea7\u751f\u4e86\u795e\u5947\u7684\u53d8\u5316\uff0c\u56e0\u6b64\u800c\u83b7\u5f97\u4e86\u7279\u6b8a\u80fd\u529b\u3002\u968f\u7740\u65f6\u95f4\u7684\u63a8\u79fb\uff0c\u827e\u4f26\u5f00\u59cb\u660e\u767d\uff0c\u8fd9\u4e2a\u4e16\u754c\u4e0a\uff0c\u8fd8\u6709\u5f88\u591a\u548c\u81ea\u5df1\u4e00\u6837\u62e5\u6709\u8d85\u80fd\u529b\u7684\u4eba\u5b58\u5728\uff0c\u800c\u4fdd\u62a4\u5e02\u6c11\u7684\u5b89\u5168\u6210\u4e3a\u4e86\u4ed6\u65b0\u7684\u8d23\u4efb\u548c\u4efb\u52a1\u3002", "visual_type": [3]}}, {"model": "visual.visual", "pk": 23, "fields": {"title": "\u5b9e\u4e60\u751f", "watched": true, "douban_id": "10594965", "imdb_id": "", "date_watched": "2016-06-08T02:56:26.298Z", "original_title": "The Intern", "year": 2015, "rating": 7.7, "images": "https://img1.doubanio.com/view/movie_poster_cover/lpst/public/p2260497287.jpg", "summary": "\u5e74\u8fd1\u4e03\u5341\u7684\u672c\uff08\u7f57\u4f2f\u7279\u00b7\u5fb7\u5c3c\u7f57 Robert De Niro \u9970\uff09\u66fe\u7ecf\u662f\u4e00\u4f4d\u7cbe\u660e\u5f3a\u5e72\uff0c\u4e8b\u4e1a\u6709\u6210\u7684\u5546\u4eba\uff0c\u6700\u7ec8\uff0c\u4ed6\u8fd8\u662f\u548c\u5927\u90e8\u5206\u8001\u5e74\u4eba\u4e00\u6837\u5f00\u59cb\u4e86\u5e73\u6de1\u7684\u9000\u4f11\u751f\u6d3b\u3002\u672c\u5bf9\u5fd9\u788c\u800c\u53c8\u5145\u5b9e\u7684\u8fc7\u53bb\u65e0\u6bd4\u6000\u5ff5\uff0c\u5b64\u72ec\u4e0e\u5185\u5fc3\u91cc\u8822\u8822\u6b32\u52a8\u7684\u6e34\u671b\u8ba9\u4ed6\u505a\u51fa\u4e86\u91cd\u56de\u804c\u573a\u7684\u51b3\u5b9a\uff0c\u6210\u4e3a\u4e86\u5e74\u8f7b\u7684\u6731\u5c14\u65af\uff08\u5b89\u59ae\u00b7\u6d77\u745f\u8587 Anne Hathaway \u9970\uff09\u624b\u4e0b\u7684\u4e00\u540d\u5c0f\u5c0f\u5458\u5de5\u3002\r\n\u6731\u5229\u5b89\u5e74\u7eaa\u867d\u8f7b\u5374\u662f\u4e00\u5bb6\u8457\u540d\u65f6\u5c1a\u8d2d\u7269\u7f51\u7ad9\u7684\u521b\u529e\u4eba\uff0c\u4e3a\u4e86\u4e8b\u4e1a\uff0c\u5979\u727a\u7272\u4e86\u81ea\u5df1\u5168\u90e8\u7684\u4e1a\u4f59\u65f6\u95f4\u548c\u611f\u60c5\u751f\u6d3b\uff0c\u8fd9\u4efd\u4e8b\u4e1a\u5e26\u7ed9\u4e86\u6731\u5229\u5b89\u8363\u8000\uff0c\u5374\u4e5f\u6210\u4e3a\u4e86\u5979\u80a9\u4e0a\u6c89\u91cd\u7684\u8d1f\u62c5\uff0c\u66f4\u7cdf\u7684\u662f\uff0c\u516c\u53f8\u8463\u4e8b\u4f1a\u5df2\u7ecf\u5f00\u59cb\u6000\u7591\uff0c\u6731\u5229\u5b89\u662f\u5426\u80fd\u591f\u80dc\u4efb\u5979\u76ee\u524d\u7684\u804c\u4f4d\u4e86\u3002\u8d77\u521d\uff0c\u6731\u5229\u5b89\u5e76\u6ca1\u6709\u5c06\u5e74\u8fc8\u53c8\u843d\u4f0d\u7684\u672c\u653e\u5728\u773c\u91cc\uff0c\u7136\u800c\uff0c\u968f\u7740\u65f6\u95f4\u7684\u63a8\u79fb\uff0c\u8fd9\u4f4d\u6148\u7965\u7684\u957f\u7740\u6e10\u6e10\u6210\u4e3a\u4e86\u5979\u751f\u6d3b\u4e2d\u6700\u771f\u631a\u7684\u53cb\u4eba\u3002\u00a9\u8c46\u74e3", "visual_type": [1]}}, {"model": "visual.visual", "pk": 24, "fields": {"title": "\u6b7b\u4f8d", "watched": true, "douban_id": "3718279", "imdb_id": "", "date_watched": "2016-06-08T02:56:31.923Z", "original_title": "Deadpool", "year": 2016, "rating": 7.5, "images": "https://img3.doubanio.com/view/movie_poster_cover/lpst/public/p2309264172.jpg", "summary": "\u8be5\u7247\u662f\u300aX\u6218\u8b66\u300b\u7cfb\u5217\u7535\u5f71\u7684\u5916\u4f20\u3002\u8bb2\u8ff0\u4e86\u524d\u4efb\u7279\u79cd\u5175\u97e6\u5fb7\u00b7\u5a01\u5c14\u900a\u5f97\u4e86\u4e0d\u6cbb\u4e4b\u75c7\uff0c\u800c\u81ea\u613f\u52a0\u5165\u201cX\u6b66\u5668\u8ba1\u5212\u201d\u83b7\u5f97\u4e86\u5feb\u901f\u81ea\u6108\u80fd\u529b\u3002\u5728\u9971\u53d7\u8650\u5f85\u6298\u78e8\u540e\u4ed6\u6210\u529f\u9003\u8131\u5e76\u5bf9Ajax\u8fdb\u884c\u8ffd\u6740\u7684\u6545\u4e8b\u3002\n\u5728\u539f\u8457\u6f2b\u753b\u4e2d\uff0c\u6b7b\u4f8d\u672c\u662f\u4e2a\u666e\u901a\u4eba\uff0c\u7531\u4e8e\u5f97\u4e86\u4e0d\u6cbb\u4e4b\u75c7\u800c\u81ea\u613f\u52a0\u5165\u201cX\u6b66\u5668\u8ba1\u5212\u201d\uff0c\u4ed6\u5982\u613f\u5f97\u5230\u4e86\u91d1\u521a\u72fc\u81ea\u6211\u6108\u5408\u7684\u80fd\u529b\uff0c\u4f46\u4ed8\u51fa\u7684\u4ee3\u4ef7\u662f\u5931\u53bb\u4e86\u5bb9\u8c8c\u3002\u53f2\u5d14\u514b\u5c06\u519b\u628a\u4ed6\u4f5c\u4e3a\u5931\u8d25\u54c1\u6295\u5165\u76d1\u72f1\u6298\u78e8\u5e76\u7ee7\u7eed\u7814\u7a76\uff0c\u6700\u7ec8\u5bfc\u81f4\u4ed6\u7684\u51fa\u9003\u3002\u6b7b\u4f8d\u662f\u4e2a\u4ea6\u6b63\u4ea6\u90aa\u7684\u89d2\u8272\uff0c\u4ed6\u62e5\u6709\u8d85\u8d8a\u4eba\u7c7b\u7684\u529b\u91cf\u3001\u8010\u529b\u3001\u901f\u5ea6\u53ca\u81ea\u6211\u6108\u5408\u80fd\u529b\uff0c\u7cbe\u901a\u5404\u79cd\u6b66\u5668\uff0c\u64c5\u957f\u640f\u51fb\u672f\uff0c\u4e0d\u8fc7\u4ed6\u7684\u7cbe\u795e\u4e0d\u592a\u7a33\u5b9a\u3002", "visual_type": []}}, {"model": "visual.visual", "pk": 25, "fields": {"title": "\u8681\u4eba", "watched": true, "douban_id": "1866473", "imdb_id": "", "date_watched": "2016-06-08T02:56:33.965Z", "original_title": "Ant-Man", "year": 2015, "rating": 7.6, "images": "https://img3.doubanio.com/view/movie_poster_cover/lpst/public/p2266823371.jpg", "summary": "\u524d\u5de5\u7a0b\u5e08\u65af\u79d1\u7279\uff08\u4fdd\u7f57\u00b7\u8def\u5fb7 Paul Rudd \u9970\uff09\u7531\u4e8e\u52ab\u5bcc\u6d4e\u8d2b\u8fdb\u4e86\u76d1\u72f1\uff0c\u51fa\u72f1\u540e\u7684\u4ed6\u4e3a\u4e86\u4e89\u53d6\u770b\u671b\u5973\u513f\u7684\u6743\u5229\u53c8\u8d70\u4e0a\u4e86\u76d7\u7a83\u4e4b\u8def\u3002\u6ca1\u60f3\u5230\u4e00\u6b21\u610f\u5916\u7684\u5077\u76d7\u4e8b\u4ef6\u8ba9\u4ed6\u6210\u4e3a\u4e86\u65b0\u4e00\u4ee3\u201c\u8681\u4eba\u201d\uff0c\u8001\u8681\u4eba\u6c49\u514b.\u76ae\u59c6\u535a\u58eb\uff08\u8fc8\u514b\u5c14\u00b7\u9053\u683c\u62c9\u65af Michael Douglas \u9970\uff09\u6210\u4e3a\u4e86\u4ed6\u7684\u5bfc\u5e08\uff0c\u53ef\u76ae\u59c6\u535a\u58eb\u7684\u5973\u513f\u970d\u666e\uff08\u4f0a\u4e07\u6770\u7433\u00b7\u8389\u8389 Evangeline Lilly \u9970\uff09\u5374\u5e76\u4e0d\u770b\u597d\u4ed6\u3002\u4f46\u662f\u5371\u673a\u8feb\u5728\u7709\u776b\uff0c\u4e3a\u4e86\u5bf9\u4ed8\u5f3a\u5927\u7684\u654c\u4eba\u62ef\u6551\u4e16\u754c\uff0c\u65af\u79d1\u7279\u4e0d\u5f97\u4e0d\u53eb\u6765\u81ea\u5df1\u7684\u4e00\u5e2e\u72d0\u670b\u72d7\u53cb\u5e2e\u52a9\u81ea\u5df1\u5b8c\u6210\u4e00\u4e2a\u4e0d\u53ef\u80fd\u5b8c\u6210\u7684\u4efb\u52a1\u3002\u800c\u53d6\u5f97\u4efb\u52a1\u7684\u6210\u529f\u4e5f\u662f\u65af\u79d1\u7279\u633d\u56de\u5973\u513f\u7684\u5173\u952e\uff0c\u5c4c\u4e1d\u80fd\u5426\u9006\u88ad\u5c31\u770b\u6700\u540e\u4e00\u51fb\u3002\u00a9\u8c46\u74e3", "visual_type": [1]}}, {"model": "visual.visual", "pk": 26, "fields": {"title": "\u7cbe\u7075\u65c5\u793e2", "watched": true, "douban_id": "21327493", "imdb_id": "", "date_watched": "2016-06-08T02:56:35.947Z", "original_title": "Hotel Transylvania 2", "year": 2015, "rating": 7.5, "images": "https://img1.doubanio.com/view/movie_poster_cover/lpst/public/p2276842218.jpg", "summary": "\u7ecf\u8fc7\u4e00\u756a\u8270\u96be\u7684\u8003\u9a8c\uff0c\u540a\u513f\u90ce\u5f53\u7684\u4eba\u7c7b\u9752\u5e74\u4e54\u7eb3\u68ee\uff08\u5b89\u8fea\u00b7\u8428\u59c6\u4f2f\u683c Andy Samberg \u914d\u97f3\uff09\u7ec8\u4e8e\u548c\u5438\u8840\u9b3c\u5973\u90ce\u6885\u83f2\u4e1d\uff08\u8d5b\u7433\u5a1c\u00b7\u6208\u9ea6\u65af Selena Gomez \u914d\u97f3\uff09\u643a\u624b\u8d70\u5165\u5a5a\u59fb\u7684\u6bbf\u5802\uff0c\u800c\u4ee5\u6885\u83f2\u4e1d\u7684\u7236\u4eb2\u5fb7\u53e4\u62c9\uff08\u4e9a\u5f53\u00b7\u6851\u5fb7\u52d2 Adam Sandler \u914d\u97f3\uff09\u4e3a\u4ee3\u8868\u7684\u602a\u7269\u4eec\uff0c\u548c\u4eba\u7c7b\u7684\u5173\u7cfb\u524d\u6240\u672a\u6709\u5730\u5bc6\u5207\u8d77\u6765\u3002\u5a5a\u540e\u4e0d\u4e45\uff0c\u6885\u83f2\u4e1d\u751f\u4e0b\u4e86\u53ef\u7231\u7684\u513f\u5b50\u4e39\u5c3c\u65af\u3002\u5c0f\u5bb6\u4f19\u4e00\u5929\u5929\u957f\u5927\uff0c\u5916\u516c\u5fb7\u53e4\u62c9\u5bf9\u4ed6\u75bc\u7231\u6709\u52a0\uff0c\u4ed6\u70ed\u5207\u671f\u671b\u4e39\u5c3c\u65af\u80fd\u591f\u6210\u957f\u4e3a\u51fa\u8272\u7684\u5438\u8840\u9b3c\u3002\u4e0e\u4e4b\u76f8\u5bf9\uff0c\u6885\u83f2\u4e1d\u8ba4\u5b9a\u513f\u5b50\u662f\u4e00\u4e2a\u666e\u901a\u7684\u4eba\u7c7b\u5c0f\u5b69\uff0c\u5979\u5e0c\u671b\u80fd\u5e26\u4e39\u5c3c\u65af\u8d70\u8fdb\u6587\u660e\u793e\u4f1a\uff0c\u8fdc\u79bb\u66b4\u529b\u8840\u8165\u7684\u602a\u7269\u4e16\u754c\u3002\u4e3a\u4e86\u963b\u6b62\u5973\u513f\u4e00\u5bb6\u7684\u79bb\u5f00\uff0c\u5fb7\u53e4\u62c9\u60f3\u529e\u6cd5\u652f\u8d70\u6885\u83f2\u4e1d\uff0c\u540c\u65f6\u53eb\u4e0a\u79d1\u5b66\u602a\u4eba\u3001\u72fc\u4eba\u3001\u900f\u660e\u4eba\u3001\u6728\u4e43\u4f0a\u7b49\u4e00\u5e2e\u6b7b\u515a\uff0c\u8981\u5728\u6709\u9650\u7684\u65f6\u95f4\u91cc\u5bf9\u4e39\u5c3c\u65af\u5c55\u5f00\u4e00\u573a\u5438\u8840\u9b3c\u517b\u6210\u6559\u80b2\u96c6\u8bad\u3002\r\n\u4e24\u4ee3\u4eba\u7684\u89c2\u5ff5\u5206\u6b67\uff0c\u5728\u602a\u7269\u7684\u4e16\u754c\u4e2d\u4e5f\u4e0d\u4f8b\u5916\u2026\u2026\u00a9\u8c46\u74e3", "visual_type": [1, 2]}}, {"model": "visual.visual", "pk": 27, "fields": {"title": "\u7f8e\u4eba\u9c7c", "watched": true, "douban_id": "19944106", "imdb_id": "", "date_watched": "2016-06-08T02:56:37.852Z", "original_title": "\u7f8e\u4eba\u9c7c", "year": 2016, "rating": 7.1, "images": "https://img1.doubanio.com/view/movie_poster_cover/lpst/public/p2316177058.jpg", "summary": "\u767d\u624b\u8d77\u5bb6\u7684\u5bcc\u8c6a\u5218\u8f69\uff08\u9093\u8d85 \u9970\uff09\u65b0\u62cd\u4e0b\u4e86\u4e00\u5757\u5730\u76ae\uff0c\u5e76\u8054\u5408\u4e86\u5973\u5f3a\u4eba\u674e\u82e5\u5170\uff08\u5f20\u96e8\u7eee \u9970\uff09\u4f7f\u7528\u6050\u6016\u7684\u58f0\u7eb3\u6280\u672f\u9a71\u8d76\u9c7c\u7c7b\uff0c\u7528\u4e8e\u586b\u6d77\u9020\u5730\u3002\u4eba\u9c7c\u4e00\u65cf\u957f\u671f\u5c45\u4f4f\u5728\u9644\u8fd1\u533a\u57df\u7684\u6d77\u91cc\uff0c\u4e3a\u4e86\u7ee7\u7eed\u751f\u5b58\uff0c\u5e26\u5934\u5927\u54e5\u7ae0\u9c7c\u516b\u54e5\uff08\u7f57\u5fd7\u7965 \u9970\uff09\u6d3e\u51fa\u4e86\u7f8e\u4eba\u9c7c\u73ca\u73ca\uff08\u6797\u5141 \u9970\uff09\u201c\u8272\u8bf1\u201d\u5218\u8f69\uff0c\u51c6\u5907\u523a\u6740\u3002\u6ca1\u60f3\u5230\u73ca\u73ca\u5728\u5367\u5e95\u8fc7\u7a0b\u4e2d\u4e0e\u5218\u8f69\u6697\u751f\u60c5\u612b\uff0c\u4e00\u6b21\u6b21\u7834\u574f\u6697\u6740\u8ba1\u5212\uff0c\u800c\u674e\u82e5\u5170\u5374\u5728\u51c6\u5907\u4e00\u4e2a\u66f4\u4e27\u5fc3\u75c5\u72c2\u7684\u90aa\u6076\u8ba1\u5212\u2026\u2026\u00a9\u8c46\u74e3", "visual_type": [1]}}, {"model": "visual.visual", "pk": 28, "fields": {"title": "\u53f6\u95ee3", "watched": true, "douban_id": "11598977", "imdb_id": "", "date_watched": "2016-06-08T02:56:41.527Z", "original_title": "\u53f6\u95ee3", "year": 2015, "rating": 6.4, "images": "https://img3.doubanio.com/view/movie_poster_cover/lpst/public/p2322954776.jpg", "summary": "\u5df2\u5728\u9999\u6e2f\u7acb\u8db3\u5f00\u9986\u7684\u53f6\u95ee\uff08\u7504\u5b50\u4e39 \u9970\uff09\u4e0e\u592a\u592a\u5f20\u6c38\u6210\uff08\u718a\u9edb\u6797 \u9970\uff09\u5e73\u9759\u5730\u751f\u6d3b\uff0c\u4e0d\u6599\u5c0f\u513f\u5b50\u53f6\u6b63\u5c31\u8bfb\u7684\u5c0f\u5b66\u53d1\u751f\u4e86\u6d41\u6c13\u6ecb\u6270\u4e8b\u4ef6\uff0c\u53c2\u4e0e\u95f9\u4e8b\u7684\u6b63\u662f\u7530\u50b2\u5c71\uff08\u6881\u5bb6\u4ec1 \u9970\uff09\u6614\u65e5\u7684\u5f92\u5f1f\u9a6c\u9cb8\u7b19\uff08\u8c2d\u8000\u6587 \u9970\uff09\u3002\u4e8e\u662f\u53f6\u95ee\u5e26\u9886\u5f92\u5f1f\u5f90\u529b\uff08\u5f20\u7ee7\u806a \u9970\uff09\u7b49\u4eba\u4fdd\u62a4\u4e86\u9ec4\u8001\u5e08\uff08\u5434\u5343\u8bed \u9970\uff09\u3001\u6821\u957f\uff08\u5218\u4ee5\u8fbe \u9970\uff09\u4ee5\u53ca\u4f17\u5c0f\u5b66\u751f\uff0c\u5e76\u7ed3\u8bc6\u4e86\u540c\u6837\u662f\u6c38\u6625\u4f20\u4eba\u7684\u8f66\u592b\u5f20\u5929\u5fd7\uff08\u5f20\u664b \u9970\uff09\uff0c\u4e8c\u4eba\u60fa\u60fa\u76f8\u60dc\u3002\u53ef\u662f\u4e8b\u4ef6\u5374\u6ca1\u6709\u6b62\u6b65\u4e8e\u6b64\uff0c\u9a6c\u9cb8\u7b19\u7684\u8001\u677f\uff08\u8fc8\u514b.\u6cf0\u68ee \u9970\uff09\u624d\u662f\u5e55\u540e\u9ed1\u624b\uff0c\u63a2\u957f\u80a5\u6ce2\uff08\u90d1\u5219\u4ed5 \u9970\uff09\u4e5f\u5377\u5165\u4e86\u5176\u4e2d\uff0c\u4e0e\u6b64\u540c\u65f6\uff0c\u5f20\u5929\u5fd7\u5411\u53f6\u95ee\u53d1\u8d77\u4e86\u8c01\u662f\u201c\u6b63\u5b97\u6c38\u6625\u201d\u7684\u6311\u6218\uff0c\u53f6\u95ee\u8be5\u5982\u4f55\u5e94\u6218\uff1f\u00a9\u8c46\u74e3", "visual_type": [1]}}, {"model": "visual.visual", "pk": 29, "fields": {"title": "\u9640\u5730\u9a71\u9b54\u4eba", "watched": true, "douban_id": "26341750", "imdb_id": "", "date_watched": "2016-06-08T02:56:43.514Z", "original_title": "\u9640\u5730\u9a45\u9b54\u4eba", "year": 2015, "rating": 6.4, "images": "https://img1.doubanio.com/view/movie_poster_cover/lpst/public/p2276786058.jpg", "summary": "\u81ea\u5e7c\u62e5\u6709\u9634\u9633\u773c\u7684\u9ec4\u6c38\u53d1\uff08\u5f20\u5bb6\u8f89 \u9970\uff09\u65f6\u5e38\u5e2e\u4eba\u9a71\u9b54\u9664\u7075\uff0c\u7ae5\u5e74\u7684\u906d\u9047\u8ba9\u4ed6\u591a\u5e74\u6765\u59cb\u7ec8\u548c\u5973\u9b3c\u6c5f\u96ea\uff08\u90ed\u91c7\u6d01 \u9970\uff09\u76f8\u5b88\u5ea6\u65e5\uff0c\u53cc\u65b9\u60c5\u540c\u6bcd\u5b50\u53c8\u6709\u5982\u60c5\u4fa3\u3002\u5728\u67d0\u6b21\u548c\u54e5\u4eec\u513f\u963f\u806a\uff08\u5f20\u7ee7\u806a \u9970\uff09\u9a71\u9b54\u65f6\uff0c\u963f\u53d1\u906d\u9047\u4e86\u4e00\u4e2a\u8eab\u5f62\u9ad8\u5927\u7684\u6076\u9b3c\u3002\u8fd9\u6b21\u9a71\u9b54\u7684\u89c6\u9891\u4e0a\u4f20\u7f51\u7edc\uff0c\u5f15\u8d77\u67d0\u5a92\u4f53\u7684\u5173\u6ce8\uff0c\u4e8e\u662f\u5973\u8bb0\u8005\u7d2b\u5b81\uff08\u8521\u601d\u8d1d \u9970\uff09\u88ab\u6d3e\u6765\u91c7\u8bbf\u963f\u53d1\u3002\u867d\u7136\u906d\u5230\u963f\u53d1\u7684\u62d2\u7edd\uff0c\u53ef\u662f\u7d2b\u5b81\u8fd8\u662f\u5c1d\u8bd5\u5404\u79cd\u65b9\u6cd5\u89c1\u9b3c\uff0c\u56e0\u6b64\u7740\u5b9e\u5403\u4e86\u4e0d\u5c11\u7684\u82e6\u5934\u3002\u5728\u6b64\u671f\u95f4\uff0c\u6c5f\u6e56\u4e0a\u63a5\u8fde\u6709\u6cd5\u5e08\u906d\u5230\u6740\u5bb3\uff0c\u963f\u53d1\u89c9\u5bdf\u5230\u8fd9\u4e00\u5207\u90fd\u4e0e\u6b64\u524d\u9047\u5230\u7684\u6076\u9b3c\u6709\u5173\u3002\r\n\u4ed6\u5c1d\u8bd5\u7740\u89e3\u5f00\u6076\u9b3c\u4f24\u4eba\u4e4b\u8c1c\uff0c\u7531\u6b64\u5c06\u81ea\u5df1\u548c\u8eab\u8fb9\u7684\u4eba\u7f6e\u4e8e\u83ab\u5927\u7684\u5371\u9669\u4e4b\u4e2d\u2026\u2026\u00a9\u8c46\u74e3", "visual_type": []}}, {"model": "visual.visual", "pk": 30, "fields": {"title": "\u7591\u72af\u8ffd\u8e2a \u7b2c\u4e94\u5b63", "watched": true, "douban_id": "26387813", "imdb_id": "", "date_watched": "2016-06-08T02:56:45.537Z", "original_title": "Person of Interest", "year": 2016, "rating": 9.6, "images": "https://img1.doubanio.com/view/movie_poster_cover/lpst/public/p2340869957.jpg", "summary": "CBS\u7eed\u8ba2\u7591\u72af\u8ffd\u8e2a \u7b2c\u4e94\u5b63\u3002\u672c\u5b63\u53ea\u670913\u96c6\uff0c\u5f88\u53ef\u80fd\u4e3a\u6700\u7ec8\u5b63\u3002\u5e76\u4e14\u5c06\u79fb\u5230\u51ac\u6b47\u5b63\u64ad\u51fa\u3002", "visual_type": [3]}}, {"model": "visual.visual", "pk": 31, "fields": {"title": "\u7f8e\u56fd\u961f\u957f3", "watched": true, "douban_id": "25820460", "imdb_id": "", "date_watched": "2016-06-08T02:56:47.556Z", "original_title": "Captain America: Civil War", "year": 2016, "rating": 7.8, "images": "https://img3.doubanio.com/view/movie_poster_cover/lpst/public/p2332503406.jpg", "summary": "\u7f8e\u56fd\u961f\u957f\u53f2\u8482\u592b\u00b7\u7f57\u6770\u65af\uff08\u514b\u91cc\u65af\u00b7\u57c3\u6587\u65af Chris Evans \u9970\uff09\u5e26\u9886\u7740\u5168\u65b0\u7ec4\u5efa\u7684\u590d\u4ec7\u8005\u8054\u76df\uff0c\u7ee7\u7eed\u7ef4\u62a4\u4e16\u754c\u548c\u5e73\u3002\u7136\u800c\uff0c\u4e00\u6b21\u6267\u884c\u4efb\u52a1\u65f6\u8054\u76df\u6210\u5458\u4e0d\u5c0f\u5fc3\u9020\u6210\u5927\u91cf\u5e73\u6c11\u4f24\u4ea1\uff0c\u4ece\u800c\u6fc0\u53d1\u653f\u6cbb\u538b\u529b\uff0c\u653f\u5e9c\u51b3\u5b9a\u901a\u8fc7\u4e00\u5957\u76d1\u7ba1\u7cfb\u7edf\u6765\u7ba1\u7406\u548c\u9886\u5bfc\u590d\u4ec7\u8005\u8054\u76df\u3002\u8054\u76df\u5185\u90e8\u56e0\u6b64\u5206\u88c2\u4e3a\u4e24\u6d3e\uff1a\u4e00\u65b9\u7531\u53f2\u8482\u592b\u00b7 \u7f57\u6770\u65af\u9886\u5bfc\uff0c\u4ed6\u4e3b\u5f20\u7ef4\u62a4\u6210\u5458\u81ea\u7531\uff0c\u5728\u514d\u53d7\u653f\u5e9c\u5e72\u6270\u7684\u60c5\u51b5\u4e0b\u4fdd\u62a4\u4e16\u754c\uff1b\u53e6\u4e00\u65b9\u5219\u8ffd\u968f\u6258\u5c3c\u00b7\u65af\u5854\u514b\uff08\u5c0f\u7f57\u4f2f\u7279\u00b7\u5510\u5c3c Robert Downey Jr. \u9970\uff09\uff0c\u4ed6\u4ee4\u4eba\u610f\u5916\u5730\u51b3\u5b9a\u652f\u6301\u653f\u5e9c\u7684\u76d1\u7ba1\u548c\u8d23\u4efb\u5236\u4f53\u7cfb\u3002\u795e\u79d8\u83ab\u6d4b\u7684\u5df4\u57fa\uff08\u585e\u5df4\u65af\u8482\u5b89\u00b7\u65af\u5766 Sebastian Stan \u9970\uff09\u4f3c\u4e4e\u6210\u4e3a\u5185\u6218\u7684\u5173\u952e\u4eba\u7269\u2026\u2026\u00a9\u8c46\u74e3", "visual_type": [1]}}, {"model": "visual.visual", "pk": 32, "fields": {"title": "X\u6218\u8b66\uff1a\u5929\u542f", "watched": true, "douban_id": "25786060", "imdb_id": "", "date_watched": "2016-06-09T17:22:11.487Z", "original_title": "X-Men: Apocalypse", "year": 2016, "rating": 8.1, "images": "https://img3.doubanio.com/view/movie_poster_cover/lpst/public/p2352321614.jpg", "summary": "\u7ee7\u6f2b\u5a01\u82f1\u96c4\u7cfb\u5217\u5dc5\u5cf0\u4e4b\u4f5c\u300aX\u6218\u8b66\uff1a\u9006\u8f6c\u672a\u6765\u300b\u5e2d\u5377\u5168\u7403\u4e4b\u540e\uff0c\u4e00\u624b\u6253\u9020\u300aX\u6218\u8b66\u300b\u7cfb\u5217\u7684\u5e03\u83b1\u6069\u00b7\u8f9b\u683c\u518d\u5ea6\u4eb2\u624b\u6267\u5bfc\uff0c\u63a8\u51fa\u66f4\u5927\u5236\u4f5c\u7684\u300aX\u6218\u8b66\uff1a\u5929\u542f\u300b\u3002\u201c\u5929\u542f\u201d\u662f\u6f2b\u5a01X\u6218\u8b66\u4e16\u754c\u91cc\uff0c\u80fd\u529b\u6700\u5f3a\u5927\u5e76\u4e14\u662f\u53f2\u4e0a\u9996\u4f4d\u53d8\u79cd\u4eba\uff0c\u81ea\u4eba\u7c7b\u6587\u660e\u5f00\u59cb\u4ee5\u6765\uff0c\u4fbf\u4e3a\u4e16\u4eba\u5f53\u4f5c\u5929\u795e\u6765\u819c\u62dc\uff0c\u4ed6\u6c72\u53d6\u591a\u4f4d\u53d8\u79cd\u4eba\u7684\u8d85\u80fd\u529b\uff0c\u6f14\u53d8\u6210\u4e00\u4f4d\u6c38\u751f\u4e0d\u6b7b\u4e14\u65e0\u4eba\u80fd\u654c\u7684\u8d85\u7ea7\u53d8\u79cd\u4eba\uff0c\u5386\u7ecf\u6570\u5343\u5e74\u540e\uff0c\u4ed6\u518d\u5ea6\u89c9\u9192\uff0c\u96c6\u7ed3\u4e86\u591a\u4f4d\u5f3a\u5927\u7684\u53d8\u79cd\u4eba\u610f\u6b32\u6bc1\u706d\u4e00\u5207\uff0c\u91cd\u5efa\u4e16\u754c\u79e9\u5e8f\uff0c\u5f53\u4e2d\u5305\u542b\u5931\u5fd7\u7684\u4e07\u78c1\u738b\uff08\u8fc8\u514b\u5c14\u00b7\u6cd5\u65af\u5bbe\u5fb7 Michael Fassbender \u9970\uff09\u3002\u5f53\u5730\u7403\u9762\u4e34\u672a\u77e5\u7684\u5de8\u5927\u5371\u673a\u4e4b\u9645\uff0c\u745e\u96ef\uff08\u8a79\u59ae\u5f17\u00b7\u52b3\u4f26\u65af Jennifer Lawrence \u9970\uff09\u5728X\u6559\u6388\uff08\u8a79\u59c6\u65af\u00b7\u9ea6\u5361\u6c83\u4f0a James McAvoy \u9970\uff09\u7684\u534f\u52a9\u4e4b\u4e0b\uff0c\u5fc5\u987b\u9886\u5bfc\u5e74\u8f7b\u7684X\u6218\u8b66\u4eec\u529b\u6297\u8fd9\u53f2\u4e0a\u6700\u5f3a\u5927\u7684\u654c\u4eba\uff0c\u5e76\u626d\u8f6c\u4eba\u7c7b\u547d\u8fd0\u3002", "visual_type": [1]}}, {"model": "visual.visual", "pk": 34, "fields": {"title": "\u62db\u9b42", "watched": true, "douban_id": "3804629", "imdb_id": "", "date_watched": "2016-06-12T04:02:17.922Z", "original_title": "The Conjuring", "year": 2013, "rating": 7.5, "images": "https://img3.doubanio.com/view/movie_poster_cover/lpst/public/p1936517673.jpg", "summary": "20\u4e16\u7eaa\u4e03\u5341\u5e74\u4ee3\uff0c\u7f57\u6770\uff08\u6717\u00b7\u91cc\u7ef4\u65af\u987f Ron Livingston \u9970\uff09\u4e0e\u5361\u7f57\u7433\uff08\u8389\u8389\u00b7\u6cf0\u52d2 Lili Taylor \u9970\uff09\u4e24\u592b\u5987\u5e26\u7740\u4ed6\u4eec\u4e94\u4e2a\u53ef\u7231\u7f8e\u4e3d\u7684\u5973\u513f\uff0c\u642c\u5230\u4e86\u4f4d\u4e8e\u7f57\u5fb7\u5c9b\u54c8\u745e\u65af\u7ef4\u5c14\u7684\u4e00\u5e62\u65e7\u5b85\u5c45\u4f4f\u3002\u623f\u5c4b\u867d\u7136\u53e4\u65e7\u6ca7\u6851\uff0c\u5386\u53f2\u60a0\u4e45\uff0c\u4f46\u662f\u5374\u8ba9\u4f69\u9686\u4e00\u5bb6\u4f53\u4f1a\u5230\u56de\u5f52\u7530\u56ed\u7684\u5feb\u4e50\u4e0e\u559c\u60a6\u3002\u8c01\u77e5\u597d\u666f\u4e0d\u957f\uff0c\u63a5\u4e8c\u8fde\u4e09\u7684\u602a\u5f02\u4e8b\u4ef6\u76f8\u7ee7\u51fa\u73b0\uff0c\u4ee4\u5973\u5b69\u4eec\u60ca\u58f0\u5c16\u53eb\uff0c\u4e5f\u8ba9\u4f69\u9686\u592b\u5987\u7684\u795e\u7ecf\u7ef7\u5230\u6781\u70b9\u3002\u4e3a\u6b64\uff0c\u4ed6\u4eec\u8f97\u8f6c\u627e\u5230\u5f53\u65f6\u6700\u8d1f\u76db\u540d\u7684\u6c83\u4f26\u592b\u5987\u3002\r\n\u4e08\u592b\u57c3\u5fb7\uff08\u5e15\u7279\u91cc\u514b\u00b7\u5a01\u5c14\u68ee Patrick Wilson \u9970\uff09\u662f\u5929\u4e3b\u6559\u4f1a\u552f\u4e00\u8ba4\u53ef\u7684\u9a71\u9b54\u5e08\uff0c\u59bb\u5b50\u6d1b\u7433\uff08\u7ef4\u62c9\u00b7\u6cd5\u7c73\u52a0 Vera Farmiga \u9970\uff09\u5219\u62e5\u6709\u7aa5\u89c1\u7075\u4f53\u7684\u80fd\u529b\u3002\u4ed6\u4eec\u4e0d\u8d39\u5439\u7070\u4e4b\u529b\u4fbf\u786e\u5b9a\u8fd9\u5ea7\u9634\u6c14\u5341\u8db3\u7684\u5927\u623f\u5b50\u7684\u75c7\u7ed3\u6240\u5728\uff0c\u800c\u4e3a\u4e86\u5f81\u5f97\u6559\u4f1a\u9664\u7075\u7684\u8bb8\u53ef\uff0c\u4ed6\u4eec\u5fc5\u987b\u6df1\u5165\u671f\u95f4\u641c\u96c6\u6076\u7075\u5b58\u5728\u7684\u8bc1\u636e\u2026\u2026\u00a9\u8c46\u74e3", "visual_type": []}}, {"model": "visual.visual", "pk": 36, "fields": {"title": "\u6f5c\u4f0f2", "watched": true, "douban_id": "10485526", "imdb_id": "", "date_watched": "2016-06-12T04:03:58.994Z", "original_title": "Insidious: Chapter 2", "year": 2013, "rating": 7.8, "images": "https://img3.doubanio.com/view/movie_poster_cover/lpst/public/p2044151740.jpg", "summary": "\u7ecf\u5386\u4e86\u4e0a\u4e00\u96c6\u4ee4\u4eba\u96be\u4ee5\u7f6e\u4fe1\u7684\u53d8\u6545\u540e\uff0c\u83b1\u59c6\u6ce2\u7279\u5bb6\u7684\u957f\u5b50\u8fbe\u5c14\u987f\uff08Ty Simpkins \u9970\uff09\u6682\u65f6\u6446\u8131\u6076\u7075\u7684\u7ea0\u7f20\uff0c\u800c\u7075\u5a92\u4f0a\u8389\u4e1d\uff08\u6797\u00b7\u6c99\u70e8 Lin Shaye \u9970\uff09\u5219\u60e8\u6b7b\u5ba4\u4e2d\uff0c\u8fbe\u5c14\u987f\u7684\u7236\u4eb2\u4e54\u4ec0\uff08\u5e15\u7279\u91cc\u514b\u00b7\u5a01\u5c14\u68ee Patrick Wilson \u9970\uff09\u8499\u53d7\u6740\u4eba\u5acc\u7591\u3002\u7531\u4e8e\u8b66\u65b9\u9700\u8981\u7ee7\u7eed\u8c03\u67e5\u4ed6\u4eec\u7684\u623f\u5b50\uff0c\u4e54\u4ec0\u53ea\u5f97\u5e26\u7740\u59bb\u5b50\u5170\u59ae\uff08\u7f57\u4e1d\u00b7\u62dc\u6069 Rose Byrne \u9970\uff09\u548c\u4e09\u4e2a\u5b69\u5b50\u6682\u65f6\u56de\u5230\u6bcd\u4eb2\u52b3\u745e\u5b89\uff08\u82ad\u82ad\u62c9\u00b7\u8d6b\u5e0c Barbara Hershey \u9970\uff09\u5bb6\u5c45\u4e2d\u3002\u672c\u4ee5\u4e3a\u4e00\u5207\u56de\u5f52\u6b63\u5e38\uff0c\u4f46\u662f\u5170\u59ae\u548c\u5b69\u5b50\u4eec\u4f3c\u4e4e\u4ecd\u5728\u9971\u53d7\u6076\u7075\u7684\u7ea0\u7f20\u3002\r\n\u52b3\u745e\u5b89\u610f\u8bc6\u5230\u4e8b\u6001\u7684\u4e25\u91cd\u6027\uff0c\u4e8e\u662f\u8bf7\u6765\u4ec5\u6b21\u4e8e\u4f0a\u8389\u4e1d\u7684\u7075\u5a92\u5e08\u5361\u5c14\uff08Steve Coulter \u9970\uff09\uff0c\u8bd5\u56fe\u5c06\u4e00\u5207\u6062\u590d\u6b63\u5e38\uff0c\u7136\u800c\u4e8b\u6001\u5374\u671d\u7740\u4e0d\u53ef\u9884\u6d4b\u7684\u65b9\u5411\u53d1\u5c55\u2026\u2026\u00a9\u8c46\u74e3", "visual_type": []}}, {"model": "visual.visual", "pk": 37, "fields": {"title": "\u6f5c\u4f0f", "watched": true, "douban_id": "4817901", "imdb_id": "", "date_watched": "2016-06-12T04:04:20.090Z", "original_title": "Insidious", "year": 2010, "rating": 7.2, "images": "https://img3.doubanio.com/view/movie_poster_cover/lpst/public/p919571676.jpg", "summary": "\u5728\u9ad8\u4e2d\u62c5\u4efb\u6559\u5e08\u7684\u4e54\u4ec0\u00b7\u83b1\u59c6\u6ce2\u7279\uff08\u5e15\u7279\u91cc\u514b\u00b7\u5a01\u5c14\u68ee Patrick Wilson \u9970\uff09\u548c\u8eab\u4e3a\u81ea\u7531\u97f3\u4e50\u4eba\u7684\u59bb\u5b50\u5170\u5a1c\uff08\u7f57\u4e1d\u00b7\u62dc\u6069 Rose Byrne \u9970\uff09\u62e5\u6709\u4e00\u4e2a\u5e78\u798f\u7684\u4e94\u53e3\u4e4b\u5bb6\u3002\u7136\u800c\u81ea\u4ed6\u4eec\u4e54\u8fc1\u65b0\u5c45\u4e4b\u540e\uff0c\u6050\u614c\u548c\u4e0d\u5b89\u4fbf\u5c3e\u968f\u800c\u81f3\u3002\u5c1a\u5728\u8941\u8913\u4e2d\u7684\u5973\u513f\u51ef\u8389\u7ecf\u5e38\u83ab\u540d\u5927\u54ed\uff0c\u6b21\u5b50\u798f\u65af\u7279\uff08Andrew Astor \u9970\uff09\u5bf9\u5367\u5ba4\u5145\u6ee1\u6050\u60e7\uff0c\u800c\u957f\u5b50\u8fbe\u5c14\u987f\uff08Ty Simpkins \u9970\uff09\u66f4\u5728\u4e00\u6b21\u60ca\u5413\u8fc7\u540e\u9677\u5165\u957f\u4e45\u7684\u660f\u8ff7\u4e4b\u4e2d\u3002\u5728\u6b64\u4e4b\u540e\uff0c\u5404\u79cd\u5947\u602a\u6050\u6016\u7684\u4e8b\u4ef6\u63a5\u8fde\u53d1\u751f\u3002\u83b1\u59c6\u6ce2\u7279\u592b\u5987\u4e0d\u80dc\u5176\u6270\uff0c\u7cbe\u795e\u51e0\u8fd1\u5d29\u6e83\uff0c\u4ed6\u4eec\u6700\u7ec8\u51b3\u5b9a\u642c\u79bb\u8fd9\u4e2a\u4e0d\u7965\u4e4b\u5730\u3002\r\n\u4f46\u662f\u4e00\u5207\u5e76\u672a\u5c31\u6b64\u7ed3\u675f\uff0c\u4fb5\u6270\u4ed6\u4eec\u7684\u9b54\u9b3c\u4f3c\u4e4e\u5c3e\u968f\u83b1\u59c6\u6ce2\u7279\u4e00\u5bb6\u6765\u81f3\u65b0\u7684\u4f4f\u6240\uff0c\u66f4\u626c\u8a00\u8981\u5360\u636e\u8fbe\u5c14\u987f\u7684\u8eab\u4f53\u2026\u2026\u00a9\u8c46\u74e3", "visual_type": []}}, {"model": "visual.visual", "pk": 38, "fields": {"title": "\u9b54\u517d", "watched": true, "douban_id": "2131940", "imdb_id": "", "date_watched": "2016-06-13T01:00:57.916Z", "original_title": "Warcraft", "year": 2016, "rating": 8.1, "images": "https://img1.doubanio.com/view/movie_poster_cover/lpst/public/p2345947329.jpg", "summary": "\u827e\u6cfd\u62c9\u65af\u4e0e\u5fb7\u62c9\u8bfa\u672c\u662f\u4e24\u9897\u7965\u548c\u5b89\u5b81\u7684\u661f\u7403\uff0c\u4eba\u7c7b\u5728\u827e\u6cfd\u62c9\u65af\u5927\u9646\u4e0a\u4e16\u4ee3\u7e41\u884d\u751f\u606f\uff0c\u517d\u4eba\u5219\u5728\u5fb7\u62c9\u8bfa\u7684\u571f\u5730\u4e0a\u8f9b\u52e4\u8015\u8018\u3002\u76f4\u5230\u517d\u4eba\u53e4\u5c14\u4e39\uff08\u5434\u5f66\u7956 \u9970\uff09\u7684\u51fa\u73b0\uff0c\u6253\u7834\u4e86\u4e24\u4e2a\u661f\u7403\u7684\u548c\u5e73\u3002\u90aa\u6076\u7684\u53e4\u5c14\u4e39\u4e3a\u4e86\u4e00\u5df1\u79c1\u5229\uff0c\u4f7f\u7528\u6076\u9b54\u80fd\u91cf\u6253\u5f00\u4e86\u4e00\u6247\u4f20\u9001\u95e8\u2014\u2014\u9ed1\u6697\u4e4b\u95e8\uff0c\u5e76\u6b8b\u5fcd\u7684\u7834\u574f\u517d\u4eba\u7684\u5bb6\u56ed\uff0c\u5c06\u539f\u672c\u7231\u597d\u548c\u5e73\u7684\u517d\u4eba\u53d8\u6210\u4e00\u4e2a\u4e2a\u91ce\u86ee\u6b8b\u66b4\u7684\u6218\u58eb\uff0c\u8feb\u4f7f\u4ed6\u4eec\u7a7f\u8fc7\u9ed1\u6697\u4e4b\u95e8\u5230\u8fbe\u4eba\u7c7b\u7684\u9886\u5730\u4f5c\u6076\u3002\u971c\u72fc\u6c0f\u65cf\u7684\u914b\u957f\u675c\u9686\u5766\uff08\u6258\u6bd4\u00b7\u51ef\u8d1d\u5c14 Toby Kebbell \u9970\uff09\u867d\u7136\u53d1\u73b0\u4e86\u53e4\u5c14\u4e39\u7684\u9634\u8c0b\u5374\u4e3a\u65f6\u5df2\u665a\uff0c\u4e0d\u5f97\u4e0d\u5e26\u9886\u7740\u81ea\u5df1\u7684\u65cf\u4eba\u79bb\u5f00\u652f\u79bb\u7834\u788e\u7684\u5fb7\u62c9\u8bfa\uff0c\u5728\u4e3e\u6b65\u7ef4\u8270\u7684\u827e\u6cfd\u62c9\u65af\u5927\u9646\u4e0a\u5bfb\u627e\u7740\u5e87\u62a4\u6240\u3002\u9762\u4e34\u5bb6\u56ed\u5371\u673a\u7684\u4eba\u7c7b\u5728\u9886\u8896\u6d1b\u8428\uff08\u5d14\u7ef4\u65af\u00b7\u8d39\u7c73\u5c14 Travis Fimmel \u9970\uff09\u7684\u5e26\u9886\u4e0b\u4e00\u8fb9\u75db\u51fb\u7740\u91ce\u86ee\u7684\u5165\u4fb5\u8005\uff0c\u4e00\u8fb9\u82e6\u82e6\u5bfb\u6c42\u7740\u6218\u4e89\u4e4b\u5916\u7684\u89e3\u6551\u65b9\u6cd5\u3002\u4e24\u4e2a\u79cd\u65cf\u9762\u4e34\u7740\u540c\u6837\u7684\u5371\u673a\uff0c\u4ed6\u4eec\u80fd\u591f\u987a\u5229\u7684\u6e21\u8fc7\u8fd9\u573a\u707e\u96be\u5417\uff1f", "visual_type": []}}, {"model": "visual.visual", "pk": 39, "fields": {"title": "\u81f4\u547d\u7535\u8bdd", "watched": true, "douban_id": "1892134", "imdb_id": "", "date_watched": "2016-06-13T01:01:40.664Z", "original_title": "Cell", "year": 2016, "rating": 4.8, "images": "https://img3.doubanio.com/view/movie_poster_cover/lpst/public/p2341618695.jpg", "summary": "\u6545\u4e8b\u4e2d\u6bcf\u4e2a\u4eba\u90fd\u88ab\u624b\u673a\u6240\u63a7\u5236\uff0c\u5f00\u59cb\u6076\u610f\u653b\u51fb\u4efb\u4f55\u9760\u8fd1\u4ed6\u4eec\u7684\u4eba\uff0c\u800c\u8fd9\u4e9b\u201c\u624b\u673a\u50f5\u5c38\u201d\u5e76\u672a\u6b7b\u53bb\uff0c\u800c\u662f\u53ef\u4ee5\u4e92\u76f8\u901a\u4fe1\u7ed3\u6210\u56e2\u4f19\u2026", "visual_type": []}}, {"model": "visual.visual", "pk": 40, "fields": {"title": "\u5728\u4e0b\u5742\u672c\uff0c\u6709\u4f55\u8d35\u5e72\uff1f", "watched": true, "douban_id": "26708698", "imdb_id": "", "date_watched": "2016-06-13T02:53:51.922Z", "original_title": "\u5742\u672c\u3067\u3059\u304c\uff1f", "year": 2016, "rating": 8.5, "images": "https://img1.doubanio.com/view/movie_poster_cover/lpst/public/p2329821809.jpg", "summary": "\u53bf\u7acb\u5b66\u6587\u9ad8\u4e2d1\u5e742\u7ec4\uff0c\u90a3\u91cc\u6709\u4f4d\u521a\u4e00\u5165\u5b66\u5c31\u5f97\u5230\u5168\u6821\u6ce8\u76ee\u7684\u7537\u5b50\uff0c\u4ed6\u7684\u540d\u5b57\u662f\u201c\u5742\u672c\u201d\u3002\r\n\u5f97\u5230\u6ce8\u76ee\u7684\u539f\u56e0\uff0c\u662f\u56e0\u4e3a\u4ed6\u884c\u52a8\u5f53\u4e2d\u7684\u534e\u4e3d\uff0c\u4ed6\u6240\u6709\u7684\u4e3e\u52a8\u90fd\u6f47\u6d12\u534e\u4e3d\u4e14\u9177\u5230\u7206\u8868\u3002\u8fd9\u662f\u4e00\u90e8\u4ee5\u5ea6\u8fc7\u5b8c\u7f8e\u65e0\u7f3a\u5b66\u56ed\u751f\u6d3b\u7684\u5742\u672c\u4e3a\u4e2d\u5fc3\u7684\u4eba\u60c5\u641e\u7b11\u6f2b\u753b\u3002", "visual_type": []}}, {"model": "visual.visual", "pk": 41, "fields": {"title": "\u7532\u94c1\u57ce\u7684\u5361\u5df4\u5185\u745e", "watched": true, "douban_id": "26271872", "imdb_id": "", "date_watched": "2016-06-13T02:54:07.302Z", "original_title": "\u7532\u9244\u57ce\u306e\u30ab\u30d0\u30cd\u30ea", "year": 2016, "rating": 8.6, "images": "https://img1.doubanio.com/view/movie_poster_cover/lpst/public/p2326682047.jpg", "summary": "\u4e00\u79cd\u540d\u4e3a\u201c\u5361\u5df4\u5185\u201d\u7684\u94a2\u94c1\u602a\u7269\u5ffd\u7136\u51fa\u73b0\u5728\u4eba\u7c7b\u793e\u4f1a\u4e4b\u4e2d\uff0c\u9020\u6210\u4e86\u5de8\u5927\u7684\u6050\u614c\u3002\u88ab\u5b83\u4eec\u88ad\u51fb\u8fc7\u7684\u4eba\u7c7b\uff0c\u4f1a\u62e5\u6709\u8d77\u6b7b\u56de\u751f\u4e4b\u80fd\u529b\uff0c\u5e76\u4e14\u4ea6\u5f00\u59cb\u88ad\u51fb\u540c\u7c7b\u3002\u5728\u602a\u7269\u731b\u70c8\u7684\u8fdb\u653b\u4e4b\u4e0b\uff0c\u4eba\u7c7b\u793e\u4f1a\u5f88\u5feb\u5c31\u56db\u5206\u4e94\u88c2\uff0c\u5e78\u5b58\u4e0b\u6765\u7684\u4eba\u4eec\u5efa\u7acb\u8d77\u4e86\u57ce\u5be8\u201c\u9a7f\u201d\uff0c\u9760\u7740\u5f7c\u6b64\u4e92\u901a\u6709\u65e0\u82df\u4e14\u6b8b\u5b58\u3002\u9a7f\u4e0e\u9a7f\u4e4b\u95f4\uff0c\u552f\u4e00\u80fd\u591f\u901a\u884c\u7684\u4ea4\u901a\u5de5\u5177\u662f\u88c5\u7532\u84b8\u6c7d\u673a\u8f66\u3002\r\n\u751f\u9a79\uff08\u7560\u4e2d\u7950 \u914d\u97f3\uff09\u662f\u4e00\u540d\u4ee5\u84b8\u6c7d\u953b\u51b6\u4e3a\u4e1a\u7684\u70ed\u8840\u5c11\u5e74\uff0c\u4ed6\u53d1\u660e\u4e86\u6b66\u5668\u201c\u8d2f\u7b52\u201d\uff0c\u5e0c\u671b\u80fd\u591f\u4e3a\u6d88\u706d\u5361\u5df4\u5185\u8d21\u732e\u51fa\u81ea\u5df1\u7684\u529b\u91cf\u3002\u4e00\u6b21\u5076\u7136\u4e2d\uff0c\u751f\u9a79\u9082\u9005\u4e86\u795e\u79d8\u7684\u5c11\u5973\uff08\u5343\u672c\u6728\u5f69\u82b1 \u914d\u97f3\uff09\uff0c\u4e0e\u6b64\u540c\u65f6\uff0c\u4e00\u573a\u66b4\u8d70\u4e8b\u4ef6\u7684\u53d1\u751f\u4f7f\u5f97\u751f\u9a79\u6240\u751f\u6d3b\u7684\u663e\u91d1\u9a7f\u5f7b\u5e95\u6ca6\u9677\uff0c\u5361\u5df4\u5185\u4e0d\u65ad\u7684\u4ea7\u751f\u7740\uff0c\u751f\u9a79\u5e76\u6ca1\u6709\u9009\u62e9\u9003\u8dd1\uff0c\u800c\u662f\u62ff\u8d77\u6b66\u5668\uff0c\u633a\u8eab\u800c\u51fa\u3002\u00a9\u8c46\u74e3", "visual_type": []}}, {"model": "visual.visual", "pk": 42, "fields": {"title": "Re\uff1a\u4ece\u96f6\u5f00\u59cb\u7684\u5f02\u4e16\u754c\u751f\u6d3b", "watched": true, "douban_id": "26575153", "imdb_id": "", "date_watched": "2016-06-13T02:54:23.886Z", "original_title": "Re\uff1a\u30bc\u30ed\u304b\u3089\u59cb\u3081\u308b\u7570\u4e16\u754c\u751f\u6d3b", "year": 2016, "rating": 8.5, "images": "https://img1.doubanio.com/view/movie_poster_cover/lpst/public/p2327887157.jpg", "summary": "\u83dc\u6708\u6602\uff08\u5c0f\u6797\u88d5\u4ecb \u914d\u97f3\uff09\u662f\u4e00\u4f4d\u5e73\u51e1\u7684\u5341\u4e03\u5c81\u9ad8\u4e2d\u7537\u751f\uff0c\u67d0\u65e5\uff0c\u79bb\u5f00\u4fbf\u5229\u5e97\u51c6\u5907\u56de\u5bb6\u7684\u4ed6\u7a81\u7136\u88ab\u53ec\u5524\u5230\u4e86\u5f02\u4e16\u754c\u3002\u4eba\u751f\u5730\u4e0d\u719f\u7684\u83dc\u6708\u6602\u5f88\u5feb\u5c31\u9047\u5230\u4e86\u9ebb\u70e6\uff0c\u5728\u6b64\u5371\u6025\u65f6\u523b\uff0c\u540d\u4e3a\u7231\u871c\u8389\u96c5\uff08\u9ad8\u6865\u674e\u4f9d \u914d\u97f3\uff09\u7684\u795e\u79d8\u5c11\u5973\u5e26\u7740\u7075\u732b\u5e15\u514b\uff08\u5185\u5c71\u5915\u5b9e \u914d\u97f3\uff09\u51fa\u73b0\u5728\u4e86\u83dc\u6708\u6602\u7684\u9762\u524d\uff0c\u6210\u4e3a\u4e86\u4ed6\u7684\u6551\u661f\uff0c\u4e3a\u4e86\u62a5\u7b54\u5c11\u5973\u7684\u6069\u60c5\uff0c\u83dc\u6708\u6602\u548c\u5979\u7ed3\u4f34\u800c\u884c\u3002\r\n\u8ba9\u4e24\u4eba\u6ca1\u6709\u60f3\u5230\u7684\u662f\uff0c\u4ed6\u4eec\u7adf\u7136\u906d\u5230\u4e86\u653b\u51fb\u4e0d\u5e78\u4e27\u547d\uff0c\u5f53\u83dc\u6708\u6602\u518d\u5ea6\u7741\u5f00\u53cc\u773c\u65f6\uff0c\u5374\u53d1\u73b0\u81ea\u5df1\u56de\u5230\u4e86\u6545\u4e8b\u7684\u6700\u521d\u3002\u62e5\u6709\u7740\u201c\u6b7b\u4ea1\u56de\u5f52\u201d\u80fd\u529b\u7684\u83dc\u6708\u6602\u51b3\u5b9a\u62ef\u6551\u548c\u5c11\u5973\u7684\u547d\u8fd0\u3002\u83dc\u6708\u6602\u7a76\u7adf\u4e3a\u4f55\u4f1a\u53d7\u5230\u53ec\u5524\uff0c\u4ed6\u53c8\u662f\u5426\u80fd\u591f\u51ed\u501f\u7740\u81ea\u5df1\u7684\u7279\u5f02\u80fd\u529b\uff0c\u5b9e\u73b0\u62a5\u6069\u7684\u613f\u671b\u5462\uff1f\u00a9\u8c46\u74e3", "visual_type": []}}, {"model": "visual.visual", "pk": 43, "fields": {"title": "\u6211\u7684\u82f1\u96c4\u5b66\u9662", "watched": true, "douban_id": "26653375", "imdb_id": "", "date_watched": "2016-06-13T02:54:37.812Z", "original_title": "\u50d5\u306e\u30d2\u30fc\u30ed\u30fc\u30a2\u30ab\u30c7\u30df\u30a2", "year": 2016, "rating": 8.3, "images": "https://img3.doubanio.com/view/movie_poster_cover/lpst/public/p2327887133.jpg", "summary": "\u7535\u89c6\u52a8\u753b\u300a\u6211\u7684\u82f1\u96c4\u5b66\u9662\u300b\u6539\u7f16\u81ea\u65e5\u672c\u6f2b\u753b\u5bb6\u5800\u8d8a\u8015\u5e73\u539f\u4f5c\u7684\u540c\u540d\u6f2b\u753b\u3002\u5728\u6f2b\u753b\u6742\u5fd7\u300a\u5468\u520a\u5c11\u5e74JUMP\u300b2015\u5e7449\u671f\u4e0a\uff0c\u53d1\u8868\u4e86\u5176TV\u52a8\u753b\u5316\u7684\u51b3\u5b9a\u3002", "visual_type": []}}, {"model": "visual.visual", "pk": 44, "fields": {"title": "\u5b66\u6218\u90fd\u5e02Asterisk \u7b2c\u4e8c\u5b63", "watched": true, "douban_id": "26633272", "imdb_id": "", "date_watched": "2016-06-13T03:01:31.004Z", "original_title": "\u5b66\u6226\u90fd\u5e02\u30a2\u30b9\u30bf\u30ea\u30b9\u30af \u7b2c2\u671f", "year": 2016, "rating": 6.3, "images": "https://img3.doubanio.com/view/movie_poster_cover/lpst/public/p2324416185.jpg", "summary": "", "visual_type": []}}, {"model": "visual.visual", "pk": 45, "fields": {"title": "\u4f60\u662f\u4e0b\u4e00\u4e2a", "watched": true, "douban_id": "6128025", "imdb_id": "", "date_watched": "2016-06-13T03:59:26.010Z", "original_title": "You're Next", "year": 2011, "rating": 6.5, "images": "https://img1.doubanio.com/view/movie_poster_cover/lpst/public/p2123732327.jpg", "summary": "\u5728\u770b\u4f3c\u5e73\u5e38\u6e29\u99a8\u7684\u591c\u91cc\uff0c\u4e00\u4e2a\u7f8a\u7f94\u9762\u5177\u6b63\u5728\u5236\u9020\u6740\u622e\u7684\u9634\u973e\uff0c\u4efb\u4f55\u65f6\u95f4\uff0c\u4efb\u4f55\u4eba\uff0c\u90fd\u6709\u53ef\u80fd\u6210\u4e3a\u9762\u5177\u6740\u624b\u7684\u4e0b\u4e00\u4e2a\u76ee\u6807\u3002\u5e74\u8f7b\u7684\u827e\u7433\uff08\u6c99\u59ae\u00b7\u6587\u68ee Sharni Vinson \u9970\uff09\u6b63\u968f\u7740\u5979\u7684\u7537\u670b\u53cb\u514b\u91cc\u65af\u76ae\u5b89\uff08AJ\u00b7\u9c8d\u6069 AJ Bowen \u9970\uff09\u56de\u5bc6\u82cf\u91cc\u5ea6\u5047\u5c4b\u4e2d\u53c2\u52a0\u4ed6\u7236\u6bcd\u7684\u7ed3\u5a5a\u7eaa\u5ff5\u65e5\u3002\u514b\u91cc\u65af\u76ae\u5b89\u7684\u5144\u5f1f\u548c\u59b9\u59b9\u90fd\u5e26\u7740\u53e6\u4e00\u534a\u524d\u6765\u805a\u4f1a\uff0c\u4e00\u5bb6\u4eba\u5728\u996d\u684c\u524d\u5176\u4e50\u878d\u878d\u3002\u7136\u800c\u5c4b\u5916\u5374\u662f\u53e6\u4e00\u756a\u4ee4\u4eba\u6bdb\u9aa8\u609a\u7136\u7684\u666f\u8c61\uff0c\u51e0\u4e2a\u5934\u6234\u9762\u5177\u7684\u6740\u624b\u6b63\u5bf9\u8fd9\u5bb6\u4eba\u864e\u89c6\u7708\u7708\u3002\u7a81\u7136\uff0c\u5f1f\u5f1f\u5fb7\u96f7\u514b\u80cc\u90e8\u4e2d\u67aa\uff0c\u6740\u622e\u8fc5\u901f\u5c55\u5f00\uff0c\u5176\u4ed6\u5bb6\u5ead\u6210\u5458\u76f8\u7ee7\u53d7\u5230\u60ca\u5413\u548c\u4f24\u5bb3\u3002\u5c31\u5728\u8fd9\u5371\u6025\u65f6\u523b\uff0c\u827e\u7433\u53cd\u5ba2\u4e3a\u4e3b\uff0c\u7ec4\u7ec7\u8d77\u5168\u5bb6\u9632\u5fa1\uff0c\u8ff8\u53d1\u51fa\u60ca\u4eba\u7684\u6c42\u751f\u672c\u80fd\uff0c\u5ea6\u5047\u5c4b\u77ac\u95f4\u53d8\u6210\u4f60\u6b7b\u6211\u6d3b\u7684\u8840\u8165\u6218\u573a\u2026\u2026\u00a9\u8c46\u74e3", "visual_type": []}}, {"model": "visual.visual", "pk": 46, "fields": {"title": "\u514b\u8389\u4e1d\u5824\uff1a\u6740\u4eba\u7f51\u7ad9", "watched": true, "douban_id": "22266974", "imdb_id": "", "date_watched": "2016-06-13T04:04:20.522Z", "original_title": "Random", "year": 2014, "rating": 6.1, "images": "https://img3.doubanio.com/view/movie_poster_cover/lpst/public/p2185337431.jpg", "summary": "\u53c8\u662f\u4e00\u5e74\u611f\u6069\u8282\u5047\u671f\u5230\u6765\uff0c\u66fe\u7ecf\u7199\u6518\u55a7\u56a3\u7684\u5927\u5b66\u6821\u56ed\u4e00\u4e0b\u5b50\u53d8\u5f97\u7a7a\u7a7a\u8361\u8361\u3002\u7a7a\u65f7\u7684\u6821\u56ed\u5185\u5374\u5f98\u5f8a\u7740\u4e00\u4e2a\u7a0d\u663e\u843d\u5bde\u65e0\u804a\u7684\u8eab\u5f71\uff0c\u5979\u53eb\u8d3e\u4e1d\u6c40\uff08\u6d77\u8389\u00b7\u8d1d\u5185\u7279 Haley Bennett \u9970\uff09\uff0c\u56e0\u4e3a\u673a\u7968\u4ef7\u683c\u8fc7\u9ad8\u4ee5\u53ca\u5b66\u4e1a\u548c\u8865\u52a9\u7684\u4e8b\u60c5\u800c\u88ab\u8feb\u7559\u5728\u5b66\u6821\u3002\u4e0d\u4e45\u524d\u5979\u544a\u522b\u6df1\u7231\u7684\u7537\u53cb\uff0c\u8fde\u539f\u672c\u7b54\u5e94\u966a\u5979\u7684\u5bbf\u820d\u597d\u53cb\u4e5f\u4e34\u65f6\u8dd1\u56de\u5bb6\u8fc7\u8282\u3002\u8d3e\u4e1d\u6c40\u767e\u65e0\u804a\u8d56\u6253\u53d1\u6f2b\u957f\u7684\u65f6\u5149\uff0c\u5374\u6ca1\u6709\u6599\u5230\u5371\u9669\u6b63\u5411\u5979\u903c\u8fd1\u3002\u8fd1\u4e00\u6bb5\u65f6\u95f4\u91cc\uff0c\u8d3e\u4e1d\u6c40\u6240\u5728\u7684\u57ce\u5e02\u63a5\u8fde\u6709\u6c89\u8ff7\u6d3e\u5bf9\u7684\u5973\u5927\u5b66\u751f\u5931\u8e2a\u3002\u67d0\u5916\uff0c\u8d3e\u4e1d\u6c40\u9a71\u8f66\u53bb\u9644\u8fd1\u7684\u8d85\u5e02\u8d2d\u7269\uff0c\u8c01\u77e5\u5374\u60f9\u4e0a\u4e86\u4e00\u4e2a\u4e0d\u751a\u53cb\u597d\u7684\u5973\u5b50\uff08\u963f\u4ec0\u4e3d\u00b7\u683c\u6797\u5c3c Ashley Greene \u9970\uff09\u3002\r\n\u8d3e\u4e1d\u6c40\u597d\u4e0d\u5bb9\u6613\u9003\u56de\u5bbf\u820d\uff0c\u53ef\u662f\u5669\u68a6\u5c31\u6b64\u5c55\u5f00\uff0c\u611f\u6069\u8282\u88ab\u67d3\u4e0a\u4e86\u53ef\u6015\u7684\u8840\u8272\u2026\u2026\u00a9\u8c46\u74e3", "visual_type": []}}, {"model": "visual.visual", "pk": 47, "fields": {"title": "\u738b\u724c\u8d31\u8c0d\uff1a\u683c\u6797\u65af\u6bd4", "watched": true, "douban_id": "25830732", "imdb_id": "", "date_watched": "2016-06-20T21:31:04.955Z", "original_title": "The Brothers Grimsby", "year": 2016, "rating": 7.3, "images": "https://img3.doubanio.com/view/movie_poster_cover/lpst/public/p2321193376.jpg", "summary": "MI6\u79d8\u5bc6\u7279\u5de5\uff08\u9a6c\u514b\u00b7\u65af\u7279\u6717\u9970\uff09\u4e3a\u4e86\u5b8c\u6210\u4e00\u9879\u4efb\u52a1\uff0c\u4e0d\u5f97\u4e0d\u540c\u4e0e\u81ea\u5df1\u5728\u5e74\u5c11\u5206\u79bb\u7684\u8db3\u7403\u6d41\u6c13\u54e5\u54e5\uff08\u8428\u838e\u00b7\u62dc\u4f26\u00b7\u79d1\u6069\u9970\uff09\u643a\u624b\u3002\u5f53\u8822\u8d31\u65e0\u53cc\u7684\u54e5\u54e5\u9047\u5230\u7cbe\u82f1\u7279\u5de5\u5f1f\u5f1f\uff0c\u6d3b\u6d3b\u5c06\u4e00\u6b21\u7bad\u5728\u5f26\u4e0a\u7684\u9690\u79d8\u884c\u52a8\uff0c\u6405\u548c\u6210\u4e00\u573a\u9e21\u98de\u72d7\u8df3\u7684\u7edd\u547d\u9003\u4ea1\u3002\u4eba\u7c7b\u7684\u5b89\u5371\u7cfb\u4e8e\u7531\u4e24\u4e2a\u753b\u98ce\u5b8c\u5168\u4e0d\u540c\u7684\u5bb6\u4f19\u4e34\u65f6\u51d1\u6210\u7684\u7ec4\u5408\u4e0a\uff0c\u4e00\u4e2a\u738b\u724c\u5927\u201c\u8d31\u201d\u8c0d\u5982\u4f55\u62ef\u6551\u4e16\u754c\u7684\u641e\u7b11\u6545\u4e8b\u5c31\u6b64\u5c55\u5f00\u3002", "visual_type": []}}, {"model": "visual.visual", "pk": 48, "fields": {"title": "\u6811\u5927\u62db\u98ce", "watched": true, "douban_id": "26265170", "imdb_id": "", "date_watched": "2016-07-01T15:00:48.786Z", "original_title": "\u6a39\u5927\u62db\u98a8", "year": 2016, "rating": 8.0, "images": "https://img1.doubanio.com/view/movie_poster_cover/lpst/public/p2327947377.jpg", "summary": "\u7a7a\u7a74\u6765\u98ce\uff0c\u672a\u5fc5\u65e0\u56e0\u3002\r\n1997\u5e74\u521d\uff0c\u5353\u5b50\u5f3a\u3001\u53f6\u56fd\u6b22\u3001\u5b63\u6b63\u96c4\u4e92\u4e0d\u76f8\u8bc6\uff0c\u5374\u6070\u5de7\u5728\u540c\u4e00\u5bb6\u9152\u697c\u51fa\u73b0\u3002\u6b64\u540e\uff0c\u6c5f\u6e56\u4e0a\u4fbf\u98ce\u58f0\u56db\u8d77\uff1a\u9999\u6e2f\u72af\u7f6a\u53f2\u4e0a\u6700\u6076\u540d\u662d\u5f70\u7684\u4e09\u5927\u8d3c\u738b\uff0c\u6b63\u5bc6\u8c0b\u5408\u4f5c\uff0c\u505a\u4e00\u4ef6\u60ca\u5929\u5927\u6848\uff01\r\n\u4f17\u4eba\u90fd\u4ee5\u4e3a\u4ed6\u4eec\u8981\u8d81\u56de\u5f52\u524d\uff0c\u6210\u5c31\u72af\u7f6a\u754c\u7684\u6700\u540e\u8f89\u714c\u3002\u6b8a\u4e0d\u77e5\uff0c\u8eab\u4e3a\u4e3b\u89d2\u7684\u4e09\u4eba\u5374\u61f5\u7136\u4e0d\u77e5\u2026\u2026", "visual_type": []}}, {"model": "visual.visual", "pk": 49, "fields": {"title": "\u5371\u673a13\u5c0f\u65f6", "watched": true, "douban_id": "26220717", "imdb_id": "", "date_watched": "2016-07-01T15:00:59.964Z", "original_title": "13 Hours: The Secret Soldiers of Benghazi", "year": 2016, "rating": 7.6, "images": "https://img3.doubanio.com/view/movie_poster_cover/lpst/public/p2280567620.jpg", "summary": "\u8fc8\u514b\u5c14\u00b7\u8d1d\u5bfc\u7684\u8fd9\u90e8\u65b0\u7247\u6839\u636e\u7c73\u5207\u5c14\u00b7\u6731\u53ef\u592b\uff08Mitchell Zuckoff\uff09\u540c\u540d\u5c0f\u8bf4\u6539\u7f16\uff0c\u662f\u4e00\u90e8\u653f\u6cbb\u9898\u6750\u7684\u7535\u5f71\u30022012\u5e749\u670811\u65e5\uff0c\u5728\u5229\u6bd4\u4e9a\u73ed\u52a0\u897f\u7684\u7f8e\u56fd\u9886\u4e8b\u9986\u524d\u53d1\u751f\u4e00\u8d77\u53cd\u7f8e\u793a\u5a01\u4e8b\u4ef6\uff0c\u5165\u591c\u540e\u6570\u5341\u540d\u6b66\u88c5\u5206\u5b50\u51b2\u8fdb\u9886\u4e8b\u9986\uff0c\u793a\u5a01\u6f14\u53d8\u4e3a\u66b4\u529b\u51b2\u7a81\uff0c\u6700\u7ec8\u5bfc\u81f4\u5305\u62ec\u7f8e\u56fd\u5927\u4f7f\u7ea6\u7ff0\u00b7\u514b\u91cc\u65af\u6258\u5f17\u00b7\u53f2\u8482\u6587\u65af\uff08Christopher J. Stevens\uff09\u5728\u5185\u7684\u56db\u4eba\u6b7b\u4ea1\uff0c\u8fd9\u4e5f\u662f33\u5e74\u4ee5\u6765\u7b2c\u4e00\u4e2a\u88ab\u6050\u6016\u5206\u5b50\u6740\u5bb3\u7684\u7f8e\u56fd\u5927\u4f7f\uff0c\u5f71\u7247\u300a\u5371\u673a13\u5c0f\u65f6\u300b\u5c31\u662f\u7531\u8fd9\u4e00\u771f\u5b9e\u4e8b\u4ef6\u53d6\u6750\u3002", "visual_type": []}}, {"model": "visual.visual", "pk": 50, "fields": {"title": "\u8759\u8760\u4fa0\u5927\u6218\u8d85\u4eba\uff1a\u6b63\u4e49\u9ece\u660e", "watched": true, "douban_id": "24750534", "imdb_id": "", "date_watched": "2016-07-01T15:01:33.674Z", "original_title": "Batman v Superman: Dawn of Justice", "year": 2016, "rating": 6.6, "images": "https://img3.doubanio.com/view/movie_poster_cover/lpst/public/p2316834186.jpg", "summary": "\u6545\u4e8b\u53d1\u751f\u5728\u5927\u90fd\u4f1a\u4e4b\u621818\u4e2a\u6708\u540e\uff0c\u5728\u90a3\u573a\u6218\u6597\u4e2d\u8bb8\u591a\u5efa\u7b51\u548c\u5e02\u6c11\u60e8\u906d\u6ce2\u53ca\u3002\u56e0\u4e3a\u8d85\u4eba\uff08\u4ea8\u5229\u00b7\u5361\u7ef4\u5c14 \u9970\uff09\u5e2e\u52a9\u4eba\u7c7b\u89e3\u51b3\u4e86\u5f88\u591a\u95ee\u9898\u800c\u88ab\u5f53\u505a\u795e\u6765\u819c\u62dc\uff0c\u4f46\u8d85\u4eba\u4e5f\u56e0\u4e0e\u4f50\u5fb7\u4e4b\u6218\u5bf9\u57ce\u5e02\u9020\u6210\u7684\u7834\u574f\u800c\u906d\u5230\u902e\u6355\u548c\u5ba1\u8baf\uff0c\u4e00\u5ea6\u6210\u4e3a\u90fd\u5e02\u4f20\u8bf4\u7684\u8759\u8760\u4fa0\u97e6\u6069\uff08\u672c\u00b7\u963f\u5f17\u83b1\u514b \u9970\uff09\u91cd\u65b0\u51fa\u73b0\u5728\u4eba\u4eec\u9762\u524d\uff0c\u4ed6\u4f3c\u4e4e\u6b63\u662f\u4e3a\u4e86\u60e9\u7f5a\u8d85\u4eba\u800c\u6765\u3002\u5e74\u8f7b\u7684\u5bcc\u8c6a\u83b1\u514b\u65af\u00b7\u5362\u745f\uff08\u6770\u897f\u00b7\u827e\u68ee\u4f2f\u683c \u9970\uff09\u53c8\u5728\u4e8c\u8005\u7684\u77db\u76fe\u4e2d\u6311\u62e8\u79bb\u95f4\uff0c\u795e\u79d8\u7684\u6234\u5b89\u5a1c\u00b7\u666e\u6797\u65af\uff08\u76d6\u5c14\u00b7\u52a0\u6735 \u9970\uff09\u4e5f\u56e0\u81ea\u5df1\u7684\u76ee\u7684\u4ecb\u5165\u5176\u4e2d\u2026\u2026\u00a9\u8c46\u74e3", "visual_type": []}}, {"model": "visual.visual", "pk": 51, "fields": {"title": "\u8001\u7b20", "watched": true, "douban_id": "26352462", "imdb_id": "", "date_watched": "2016-07-01T15:02:59.685Z", "original_title": "\u8001\u7b20", "year": 2015, "rating": 7.4, "images": "https://img3.doubanio.com/view/movie_poster_cover/lpst/public/p2324635033.jpg", "summary": "\u8fd9\u591c\u5f88\u79bb\u5947\uff0c\u81ea\u8ba4\u5e9f\u9752\u7684\u963f\u5e73\u6765\u5230\u8c1c\u4e4b\u4fbf\u5229\u5e97\u7b2c\u4e00\u665a\u4e0a\u73ed\uff0c\u5148\u9047\u4e0a\u523b\u8584\u8001\u677f\u548c\u795e\u7ecf\u8d28\u5973\u540c\u4e8b\uff0c\u8f6c\u5934\u9ed1\u8b66\u6765\u501f\u5395\u6240\uff1b\u521a\u51fa\u72f1\u7684\u6124\u6012\u8001\u4eba\u5373\u5174\u73a9\u8001\u7b20\uff0c\u53c8\u6709\u5bcc\u8c6a\u548c\u6027\u611f\u5973\u4f34\u4e71\u5165\u3002\u4f17\u4eba\u5404\u6709\u6545\u4e8b\uff0c\u5404\u6000\u9b3c\u80ce\uff0c\u4e00\u573a\u5927\u9f99\u51e4\u5728\u4fbf\u5229\u5e97\u70ed\u95f9\u4e0a\u6f14\u3002\u5f53\u70b8\u5f39\u72c2\u5f92\u6765\u88ad\uff0c\u6700\u540e\u6b8a\u9014\u540c\u5f52\u4f46\u53c8\u610f\u60f3\u4e0d\u5230\u3002\u7b11\u4ed6\u4eec\u592a\u75af\u766b\uff0c\u53ea\u662f\u8fd9\u4e2a\u57ce\u5e02\u75c5\u4e86\u6211\u4eec\u770b\u4e0d\u7a7f\uff0c\u5bfc\u6f14\u706b\u706b\u638c\u63a7\u8282\u594f\u548c\u7cbe\u8b66\u5bf9\u767d\u975e\u5e38\u51c6\u786e\uff0c\u51e0\u4f4d\u8001\u620f\u9aa8\u4ea4\u8db3\u529f\u8bfe\uff0c\u6210\u5c31\u4e00\u90e8\u6e2f\u7247\u5c11\u89c1\u7684\u9ed1\u8272\u8352\u8bde\u56f0\u517d\u6597\u597d\u620f\u3002", "visual_type": []}}, {"model": "visual.visual", "pk": 52, "fields": {"title": "\u5929\u7a7a\u4e4b\u773c", "watched": true, "douban_id": "10484117", "imdb_id": "", "date_watched": "2016-07-01T21:07:58.579Z", "original_title": "Eye in the Sky", "year": 2015, "rating": 8.1, "images": "https://img3.doubanio.com/view/movie_poster_cover/lpst/public/p2306322545.jpg", "summary": "\u51ef\u745f\u7433\u4e0a\u6821\uff08\u6d77\u4f26\u00b7\u7c73\u4f26 Helen Mirren \u9970\uff09\u7387\u82f1\u56fd\u60c5\u62a5\u5355\u4f4d\u8ffd\u6355\u4e00\u540d\u5973\u6027\u6050\u6016\u5206\u5b50\u957f\u8fbe\u516d\u5e74\uff0c\u7ecf\u7531\u7f8e\u519b\u52a0\u5165\u9ad8\u7a7a\u76d1\u89c6\u884c\u52a8\uff0c\u597d\u4e0d\u5bb9\u6613\u5728\u79d8\u5bc6\u57fa\u5730\u627e\u5230\u7591\u4f3c\u5979\u7684\u8eab\u5f71\uff0c\u7279\u79cd\u90e8\u961f\u51c6\u5907\u6d3b\u6349\u5979\u65f6\uff0c\u9ad8\u7a7a\u4fa6\u67e5\u4eba\u5458\u5374\u610f\u5916\u53d1\u73b0\u8be5\u540d\u6050\u6016\u5206\u5b50\u6b63\u4e0e\u5176\u4ed6\u4eba\u5bc6\u8c0b\u81ea\u6740\u70b8\u5f39\u653b\u51fb\uff0c\u4e3a\u4e86\u9632\u6b62\u4f24\u5bb3\uff0c\u51ef\u745f\u7433\u4e0b\u4ee4\u8f70\u70b8\u79d8\u5bc6\u57fa\u5730\u5c06\u654c\u4eba\u6b7c\u706d\u3002\u5f53\u65e0\u4eba\u6218\u6597\u673a\u7684\u9a7e\u9a76\u5458\u53f2\u8482\u592b\uff08\u4e9a\u4f26\u00b7\u4fdd\u5c14 Aaron Paul \u9970\uff09\u7784\u51c6\u76ee\u6807\u540e\uff0c\u5374\u53d1\u73b0\u8fd9\u4e2a\u201c\u79d8\u5bc6\u57fa\u5730\u201d\u7adf\u7136\u662f\u666e\u901a\u7684\u6c11\u5c45\uff0c\u800c\u4e00\u540d\u5973\u5b69\u66f4\u662f\u8dd1\u8fdb\u4ed6\u7684\u653b\u51fb\u8303\u56f4\u73a9\u800d\uff0c\u539f\u672c\u5355\u7eaf\u7684\u8de8\u56fd\u902e\u6355\u884c\u52a8\u77ac\u95f4\u53d8\u6210\u590d\u6742\u96be\u89e3\u7684\u53cd\u6050\u4efb\u52a1\u2026\u2026", "visual_type": []}}, {"model": "auth.permission", "pk": 1, "fields": {"name": "Can add log entry", "content_type": 1, "codename": "add_logentry"}}, {"model": "auth.permission", "pk": 2, "fields": {"name": "Can change log entry", "content_type": 1, "codename": "change_logentry"}}, {"model": "auth.permission", "pk": 3, "fields": {"name": "Can delete log entry", "content_type": 1, "codename": "delete_logentry"}}, {"model": "auth.permission", "pk": 4, "fields": {"name": "Can add permission", "content_type": 2, "codename": "add_permission"}}, {"model": "auth.permission", "pk": 5, "fields": {"name": "Can change permission", "content_type": 2, "codename": "change_permission"}}, {"model": "auth.permission", "pk": 6, "fields": {"name": "Can delete permission", "content_type": 2, "codename": "delete_permission"}}, {"model": "auth.permission", "pk": 7, "fields": {"name": "Can add group", "content_type": 3, "codename": "add_group"}}, {"model": "auth.permission", "pk": 8, "fields": {"name": "Can change group", "content_type": 3, "codename": "change_group"}}, {"model": "auth.permission", "pk": 9, "fields": {"name": "Can delete group", "content_type": 3, "codename": "delete_group"}}, {"model": "auth.permission", "pk": 10, "fields": {"name": "Can add user", "content_type": 4, "codename": "add_user"}}, {"model": "auth.permission", "pk": 11, "fields": {"name": "Can change user", "content_type": 4, "codename": "change_user"}}, {"model": "auth.permission", "pk": 12, "fields": {"name": "Can delete user", "content_type": 4, "codename": "delete_user"}}, {"model": "auth.permission", "pk": 13, "fields": {"name": "Can add content type", "content_type": 5, "codename": "add_contenttype"}}, {"model": "auth.permission", "pk": 14, "fields": {"name": "Can change content type", "content_type": 5, "codename": "change_contenttype"}}, {"model": "auth.permission", "pk": 15, "fields": {"name": "Can delete content type", "content_type": 5, "codename": "delete_contenttype"}}, {"model": "auth.permission", "pk": 16, "fields": {"name": "Can add session", "content_type": 6, "codename": "add_session"}}, {"model": "auth.permission", "pk": 17, "fields": {"name": "Can change session", "content_type": 6, "codename": "change_session"}}, {"model": "auth.permission", "pk": 18, "fields": {"name": "Can delete session", "content_type": 6, "codename": "delete_session"}}, {"model": "auth.permission", "pk": 19, "fields": {"name": "Can add type", "content_type": 7, "codename": "add_type"}}, {"model": "auth.permission", "pk": 20, "fields": {"name": "Can change type", "content_type": 7, "codename": "change_type"}}, {"model": "auth.permission", "pk": 21, "fields": {"name": "Can delete type", "content_type": 7, "codename": "delete_type"}}, {"model": "auth.permission", "pk": 22, "fields": {"name": "Can add visual", "content_type": 8, "codename": "add_visual"}}, {"model": "auth.permission", "pk": 23, "fields": {"name": "Can change visual", "content_type": 8, "codename": "change_visual"}}, {"model": "auth.permission", "pk": 24, "fields": {"name": "Can delete visual", "content_type": 8, "codename": "delete_visual"}}, {"model": "auth.permission", "pk": 25, "fields": {"name": "Can add review", "content_type": 9, "codename": "add_review"}}, {"model": "auth.permission", "pk": 26, "fields": {"name": "Can change review", "content_type": 9, "codename": "change_review"}}, {"model": "auth.permission", "pk": 27, "fields": {"name": "Can delete review", "content_type": 9, "codename": "delete_review"}}, {"model": "auth.user", "pk": 1, "fields": {"password": "pbkdf2_sha256$24000$2Bv8pCVGG282$kic7jPH4gO9QFq1P+Hb4wjX3jW7O/eEYybnqYQGI/b0=", "last_login": "2016-07-02T20:29:41.246Z", "is_superuser": true, "username": "sam", "first_name": "", "last_name": "", "email": "weisen.li@hotmail.com", "is_staff": true, "is_active": true, "date_joined": "2016-06-08T14:44:45.575Z", "groups": [], "user_permissions": []}}, {"model": "auth.user", "pk": 2, "fields": {"password": "pbkdf2_sha256$24000$D7ky2d0jUVhS$ttdLVBfWoSXtU0vTtXr71f+95UK18iwGWmvNSmx4QJU=", "last_login": "2016-06-09T20:29:49.413Z", "is_superuser": false, "username": "yan", "first_name": "", "last_name": "", "email": "weisen.li@webcanada.com", "is_staff": false, "is_active": true, "date_joined": "2016-06-09T20:26:50.516Z", "groups": [], "user_permissions": []}}, {"model": "auth.user", "pk": 3, "fields": {"password": "pbkdf2_sha256$24000$cW0p8DdxfQ4g$hJO789cXsDxpk6TfNQAfAKn91P+mQ9UJxgo4z/cEw7Y=", "last_login": "2016-06-13T02:38:24.671Z", "is_superuser": false, "username": "sammy", "first_name": "", "last_name": "", "email": "sammy@hotmail.com", "is_staff": false, "is_active": true, "date_joined": "2016-06-13T02:37:57.012Z", "groups": [], "user_permissions": []}}, {"model": "visual.review", "pk": 1, "fields": {"content": "\u5929\u542f\u5bf9\u56db\u9a91\u58eb\u8bf4\uff0c\u4f60\u4eec\u662f\u6211\u5e26\u8fc7\u6700\u5dee\u7684\u4e00\u5c4a", "created_at": "2016-06-10T04:31:26.987Z", "updated_at": "2016-06-10T04:31:26.987Z", "visual": 32, "user": 1}}, {"model": "visual.review", "pk": 5, "fields": {"content": "\u6211\u7ec8\u4e8e\u77e5\u9053\u6559\u6388\u4e3a\u4ec0\u4e48\u5149\u5934\u4e86", "created_at": "2016-06-13T01:52:35.429Z", "updated_at": "2016-06-13T01:52:35.447Z", "visual": 32, "user": 1}}, {"model": "visual.review", "pk": 6, "fields": {"content": "\u4e07\u78c1\u738b\u771f\u7684\u53bb\u70bc\u94c1\u5382\u4e0a\u73ed\u4e86\u3002", "created_at": "2016-06-13T02:33:19.966Z", "updated_at": "2016-06-13T02:33:19.986Z", "visual": 32, "user": 1}}, {"model": "visual.review", "pk": 7, "fields": {"content": "\u300aX\u6218\u8b66\u2014\u2014\u51e4\u51f0\u4f20\u5947\u300b", "created_at": "2016-06-13T02:41:27.332Z", "updated_at": "2016-06-13T02:41:27.349Z", "visual": 32, "user": 3}}, {"model": "admin.logentry", "pk": 1, "fields": {"action_time": "2016-06-08T14:46:30.562Z", "user": 1, "content_type": 7, "object_id": "1", "object_repr": "\u7535\u5f71-Movie", "action_flag": 1, "change_message": "Added."}}, {"model": "admin.logentry", "pk": 2, "fields": {"action_time": "2016-06-08T14:46:50.728Z", "user": 1, "content_type": 8, "object_id": "5", "object_repr": "\u75af\u72c2\u52a8\u7269\u57ce", "action_flag": 2, "change_message": "Changed visual_type and summary."}}, {"model": "admin.logentry", "pk": 3, "fields": {"action_time": "2016-06-10T02:28:42.254Z", "user": 1, "content_type": 7, "object_id": "2", "object_repr": "\u52a8\u753b-Animation", "action_flag": 1, "change_message": "Added."}}, {"model": "admin.logentry", "pk": 4, "fields": {"action_time": "2016-06-10T03:23:49.883Z", "user": 1, "content_type": 7, "object_id": "3", "object_repr": "\u7535\u89c6-Drama", "action_flag": 1, "change_message": "Added."}}, {"model": "admin.logentry", "pk": 5, "fields": {"action_time": "2016-06-10T03:24:05.220Z", "user": 1, "content_type": 8, "object_id": "30", "object_repr": "\u7591\u72af\u8ffd\u8e2a \u7b2c\u4e94\u5b63", "action_flag": 2, "change_message": "Changed visual_type."}}, {"model": "admin.logentry", "pk": 6, "fields": {"action_time": "2016-06-10T03:24:10.530Z", "user": 1, "content_type": 8, "object_id": "3", "object_repr": "\u7edd\u547d\u6bd2\u5e08  \u7b2c\u4e94\u5b63", "action_flag": 2, "change_message": "Changed visual_type, original_title and summary."}}, {"model": "admin.logentry", "pk": 7, "fields": {"action_time": "2016-06-10T03:24:15.842Z", "user": 1, "content_type": 8, "object_id": "11", "object_repr": "\u706b\u661f\u6551\u63f4", "action_flag": 2, "change_message": "Changed visual_type and summary."}}, {"model": "admin.logentry", "pk": 8, "fields": {"action_time": "2016-06-10T03:24:27.158Z", "user": 1, "content_type": 8, "object_id": "33", "object_repr": "", "action_flag": 3, "change_message": ""}}, {"model": "admin.logentry", "pk": 9, "fields": {"action_time": "2016-06-10T03:24:34.220Z", "user": 1, "content_type": 8, "object_id": "28", "object_repr": "\u53f6\u95ee3", "action_flag": 2, "change_message": "Changed visual_type."}}, {"model": "admin.logentry", "pk": 10, "fields": {"action_time": "2016-06-10T03:24:56.465Z", "user": 1, "content_type": 8, "object_id": "31", "object_repr": "\u7f8e\u56fd\u961f\u957f3", "action_flag": 2, "change_message": "Changed visual_type."}}, {"model": "admin.logentry", "pk": 11, "fields": {"action_time": "2016-06-10T03:25:01.523Z", "user": 1, "content_type": 8, "object_id": "9", "object_repr": "\u795e\u76fe\u5c40\u7279\u5de5 \u7b2c\u4e09\u5b63", "action_flag": 2, "change_message": "Changed visual_type."}}, {"model": "admin.logentry", "pk": 12, "fields": {"action_time": "2016-06-10T03:25:09.607Z", "user": 1, "content_type": 8, "object_id": "18", "object_repr": "\u5947\u5e7b\u68ee\u6797", "action_flag": 2, "change_message": "Changed visual_type."}}, {"model": "admin.logentry", "pk": 13, "fields": {"action_time": "2016-06-10T03:25:18.969Z", "user": 1, "content_type": 8, "object_id": "4", "object_repr": "\u4e00\u62f3\u8d85\u4eba", "action_flag": 2, "change_message": "Changed visual_type and summary."}}, {"model": "admin.logentry", "pk": 14, "fields": {"action_time": "2016-06-10T03:25:27.998Z", "user": 1, "content_type": 8, "object_id": "5", "object_repr": "\u75af\u72c2\u52a8\u7269\u57ce", "action_flag": 2, "change_message": "Changed visual_type."}}, {"model": "admin.logentry", "pk": 15, "fields": {"action_time": "2016-06-10T03:25:35.149Z", "user": 1, "content_type": 8, "object_id": "20", "object_repr": "\u6211\u7684\u5c11\u5973\u65f6\u4ee3", "action_flag": 2, "change_message": "Changed visual_type."}}, {"model": "admin.logentry", "pk": 16, "fields": {"action_time": "2016-06-10T03:25:42.293Z", "user": 1, "content_type": 8, "object_id": "19", "object_repr": "\u8352\u91ce\u730e\u4eba", "action_flag": 2, "change_message": "Changed visual_type and summary."}}, {"model": "admin.logentry", "pk": 17, "fields": {"action_time": "2016-06-10T03:25:42.424Z", "user": 1, "content_type": 8, "object_id": "19", "object_repr": "\u8352\u91ce\u730e\u4eba", "action_flag": 2, "change_message": "No fields changed."}}, {"model": "admin.logentry", "pk": 18, "fields": {"action_time": "2016-06-10T03:25:48.639Z", "user": 1, "content_type": 8, "object_id": "32", "object_repr": "X\u6218\u8b66\uff1a\u5929\u542f", "action_flag": 2, "change_message": "Changed visual_type."}}, {"model": "admin.logentry", "pk": 19, "fields": {"action_time": "2016-06-10T03:26:03.163Z", "user": 1, "content_type": 8, "object_id": "6", "object_repr": "\u751f\u6d3b\u5927\u7206\u70b8 \u7b2c\u4e5d\u5b63", "action_flag": 2, "change_message": "Changed visual_type and summary."}}, {"model": "admin.logentry", "pk": 20, "fields": {"action_time": "2016-06-10T03:26:10.877Z", "user": 1, "content_type": 8, "object_id": "23", "object_repr": "\u5b9e\u4e60\u751f", "action_flag": 2, "change_message": "Changed visual_type and summary."}}, {"model": "admin.logentry", "pk": 21, "fields": {"action_time": "2016-06-10T03:26:19.621Z", "user": 1, "content_type": 8, "object_id": "22", "object_repr": "\u95ea\u7535\u4fa0 \u7b2c\u4e8c\u5b63", "action_flag": 2, "change_message": "Changed visual_type and summary."}}, {"model": "admin.logentry", "pk": 22, "fields": {"action_time": "2016-06-10T03:35:52.085Z", "user": 1, "content_type": 8, "object_id": "30", "object_repr": "\u7591\u72af\u8ffd\u8e2a \u7b2c\u4e94\u5b63", "action_flag": 2, "change_message": "No fields changed."}}, {"model": "admin.logentry", "pk": 23, "fields": {"action_time": "2016-06-10T03:36:04.330Z", "user": 1, "content_type": 8, "object_id": "2", "object_repr": "\u6392\u7403\u5c11\u5e74 \u7b2c\u4e8c\u5b63", "action_flag": 2, "change_message": "Changed visual_type."}}, {"model": "admin.logentry", "pk": 24, "fields": {"action_time": "2016-06-10T03:36:09.177Z", "user": 1, "content_type": 8, "object_id": "1", "object_repr": "\u7845\u8c37 \u7b2c\u4e09\u5b63", "action_flag": 2, "change_message": "Changed visual_type."}}, {"model": "admin.logentry", "pk": 25, "fields": {"action_time": "2016-06-10T03:36:22.176Z", "user": 1, "content_type": 8, "object_id": "7", "object_repr": "\u5934\u8111\u7279\u5de5\u961f", "action_flag": 2, "change_message": "Changed visual_type and summary."}}, {"model": "admin.logentry", "pk": 26, "fields": {"action_time": "2016-06-10T03:36:33.327Z", "user": 1, "content_type": 8, "object_id": "8", "object_repr": "\u8d85\u80c6\u4fa0 \u7b2c\u4e8c\u5b63", "action_flag": 2, "change_message": "Changed visual_type."}}, {"model": "admin.logentry", "pk": 27, "fields": {"action_time": "2016-06-10T03:36:41.089Z", "user": 1, "content_type": 8, "object_id": "10", "object_repr": "\u75af\u72c2\u7684\u9ea6\u514b\u65af4\uff1a\u72c2\u66b4\u4e4b\u8def", "action_flag": 2, "change_message": "Changed visual_type and summary."}}, {"model": "admin.logentry", "pk": 28, "fields": {"action_time": "2016-06-10T03:36:47.632Z", "user": 1, "content_type": 8, "object_id": "12", "object_repr": "\u6697\u6740\u6559\u5ba4 \u7b2c2\u5b63", "action_flag": 2, "change_message": "Changed visual_type and summary."}}, {"model": "admin.logentry", "pk": 29, "fields": {"action_time": "2016-06-10T03:37:09.823Z", "user": 1, "content_type": 8, "object_id": "13", "object_repr": "\u897f\u6e38\u8bb0\u4e4b\u5927\u5723\u5f52\u6765", "action_flag": 2, "change_message": "Changed visual_type and summary."}}, {"model": "admin.logentry", "pk": 30, "fields": {"action_time": "2016-06-10T03:37:17.659Z", "user": 1, "content_type": 8, "object_id": "15", "object_repr": "\u7279\u5de5\u5361\u7279 \u7b2c\u4e8c\u5b63", "action_flag": 2, "change_message": "Changed visual_type and summary."}}, {"model": "admin.logentry", "pk": 31, "fields": {"action_time": "2016-06-10T03:37:17.756Z", "user": 1, "content_type": 8, "object_id": "15", "object_repr": "\u7279\u5de5\u5361\u7279 \u7b2c\u4e8c\u5b63", "action_flag": 2, "change_message": "No fields changed."}}, {"model": "admin.logentry", "pk": 32, "fields": {"action_time": "2016-06-10T03:37:27.141Z", "user": 1, "content_type": 8, "object_id": "14", "object_repr": "\u57ab\u5e95\u8fa3\u59b9", "action_flag": 2, "change_message": "Changed visual_type and summary."}}, {"model": "admin.logentry", "pk": 33, "fields": {"action_time": "2016-06-10T03:37:37.972Z", "user": 1, "content_type": 8, "object_id": "16", "object_repr": "\u79d8\u5bc6\u7279\u5de5", "action_flag": 2, "change_message": "Changed visual_type."}}, {"model": "admin.logentry", "pk": 34, "fields": {"action_time": "2016-06-10T03:37:48.683Z", "user": 1, "content_type": 8, "object_id": "26", "object_repr": "\u7cbe\u7075\u65c5\u793e2", "action_flag": 2, "change_message": "Changed visual_type and summary."}}, {"model": "admin.logentry", "pk": 35, "fields": {"action_time": "2016-06-10T03:37:59.314Z", "user": 1, "content_type": 8, "object_id": "21", "object_repr": "\u7834\u4ea7\u59d0\u59b9 \u7b2c\u4e94\u5b63", "action_flag": 2, "change_message": "Changed visual_type."}}, {"model": "admin.logentry", "pk": 36, "fields": {"action_time": "2016-06-10T03:38:04.595Z", "user": 1, "content_type": 8, "object_id": "25", "object_repr": "\u8681\u4eba", "action_flag": 2, "change_message": "Changed visual_type."}}, {"model": "admin.logentry", "pk": 37, "fields": {"action_time": "2016-06-10T03:38:04.767Z", "user": 1, "content_type": 8, "object_id": "25", "object_repr": "\u8681\u4eba", "action_flag": 2, "change_message": "No fields changed."}}, {"model": "admin.logentry", "pk": 38, "fields": {"action_time": "2016-06-10T03:38:09.656Z", "user": 1, "content_type": 8, "object_id": "27", "object_repr": "\u7f8e\u4eba\u9c7c", "action_flag": 2, "change_message": "Changed visual_type."}}, {"model": "admin.logentry", "pk": 39, "fields": {"action_time": "2016-06-10T03:38:32.583Z", "user": 1, "content_type": 8, "object_id": "17", "object_repr": "\u5e0c\u7279\u52d2\u56de\u6765\u4e86", "action_flag": 2, "change_message": "Changed visual_type."}}, {"model": "admin.logentry", "pk": 40, "fields": {"action_time": "2016-06-10T04:31:26.988Z", "user": 1, "content_type": 9, "object_id": "1", "object_repr": "\u5929\u542f\u5bf9\u56db\u9a91\u58eb\u8bf4\uff0c\u4f60\u4eec\u662f\u6211\u5e26\u8fc7\u6700\u5dee\u7684\u4e00\u5c4a", "action_flag": 1, "change_message": "Added."}}, {"model": "admin.logentry", "pk": 41, "fields": {"action_time": "2016-06-12T04:03:33.279Z", "user": 1, "content_type": 8, "object_id": "35", "object_repr": "", "action_flag": 3, "change_message": ""}}, {"model": "admin.logentry", "pk": 42, "fields": {"action_time": "2016-06-13T01:52:52.570Z", "user": 1, "content_type": 9, "object_id": "4", "object_repr": "\u6211\u7ec8\u4e8e\u77e5\u9053\u6559\u6388\u4e3a\u4ec0\u4e48\u5149\u5934\u4e86", "action_flag": 3, "change_message": ""}}, {"model": "admin.logentry", "pk": 43, "fields": {"action_time": "2016-06-13T01:52:52.592Z", "user": 1, "content_type": 9, "object_id": "3", "object_repr": "\u6211\u7ec8\u4e8e\u77e5\u9053\u6559\u6388\u4e3a\u4ec0\u4e48\u5149\u5934\u4e86", "action_flag": 3, "change_message": ""}}, {"model": "admin.logentry", "pk": 44, "fields": {"action_time": "2016-06-13T01:52:52.603Z", "user": 1, "content_type": 9, "object_id": "2", "object_repr": "\u6211\u7ec8\u4e8e\u77e5\u9053\u6559\u6388\u4e3a\u4ec0\u4e48\u5149\u5934\u4e86", "action_flag": 3, "change_message": ""}}]